{"type":"FeatureCollection","features":[{"type":"Feature","properties":{"pref":1,"code":"01","name":"北海道"},"geometry":{"type":"MultiPolygon","coordinates":[[[[143.89649,44.15815],[143.97584,44.14826],[143.94044,44.13915],[143.81373,44.1684],[143.81764,44.17561],[143.83627,44.17593],[143.89649,44.15815]]],[[[145.76743,43.38727],[145.82496,43.3736],[145.81031,43.36079],[145.77768,43.35627],[145.7601,43.33698],[145.70851,43.32632],[145.68409,43.31025],[145.62916,43.30976],[145.57228,43.25699],[145.55177,43.20978],[145.5171,43.17499],[145.53061,43.16885],[145.49879,43.16791],[145.4524,43.18391],[145.40406,43.17499],[145.3025,43.17349],[145.23113,43.1411],[145.13844,43.12816],[145.11931,43.10611],[145.12273,43.0882],[145.16822,43.07941],[145.14918,43.06631],[145.11101,43.06363],[145.09929,43.04462],[145.07569,43.034],[145.0031,43.04462],[145.02752,43.00935],[145.01433,42.98949],[144.89975,42.97948],[144.86883,42.98847],[144.84205,43.00715],[144.84018,43.04011],[144.79868,43.0467],[144.75758,43.01879],[144.73561,42.97948],[144.74147,42.96524],[144.78346,42.93476],[144.74195,42.92422],[144.59913,42.94912],[144.52174,42.94408],[144.49586,42.93325],[144.46485,42.93708],[144.39064,42.95645],[144.37306,42.96955],[144.35808,42.99946],[144.32301,43.00263],[144.18312,42.97639],[144.042,42.92658],[143.8864,42.84418],[143.79029,42.75727],[143.63885,42.66108],[143.57521,42.60334],[143.44809,42.45502],[143.34897,42.31916],[143.33172,42.27725],[143.32488,42.22972],[143.3379,42.15021],[143.33107,42.10692],[143.30348,42.02578],[143.29233,42.00519],[143.26547,41.98672],[143.25294,41.94188],[143.24155,41.92805],[143.18238,41.96158],[143.16334,41.99038],[143.11524,42.02798],[142.95973,42.10537],[142.75766,42.15839],[142.5464,42.25056],[142.45997,42.27131],[142.28102,42.36652],[142.16775,42.45986],[142.06258,42.47073],[141.98097,42.51024],[141.92595,42.55858],[141.81715,42.5996],[141.72609,42.61717],[141.63649,42.61579],[141.54957,42.60114],[141.42774,42.5644],[141.26246,42.46825],[141.2151,42.44453],[141.16871,42.4333],[141.09156,42.39179],[141.01678,42.31611],[140.97731,42.29963],[140.9524,42.30484],[140.93165,42.32876],[140.97543,42.32657],[140.98683,42.33983],[140.94695,42.35322],[140.91798,42.37255],[140.90138,42.42084],[140.73365,42.56415],[140.68629,42.57917],[140.59742,42.57172],[140.50066,42.57917],[140.45753,42.56428],[140.417,42.53815],[140.38087,42.50507],[140.32545,42.43281],[140.28859,42.35017],[140.28151,42.30484],[140.29176,42.25959],[140.32163,42.23395],[140.45639,42.17308],[140.53028,42.11176],[140.54884,42.10554],[140.71355,42.13349],[140.77361,42.1022],[140.78932,42.07453],[140.83709,42.02363],[140.90846,41.97895],[140.97429,41.91376],[141.01157,41.89374],[141.08326,41.88264],[141.10694,41.87177],[141.19996,41.79947],[141.18995,41.79092],[141.12159,41.77936],[141.04331,41.72386],[141.00636,41.71214],[140.82399,41.7707],[140.77508,41.77041],[140.70802,41.74555],[140.69858,41.75983],[140.73341,41.79365],[140.72722,41.81135],[140.70899,41.82441],[140.66041,41.82714],[140.64161,41.81509],[140.60426,41.73627],[140.52345,41.69868],[140.45289,41.68106],[140.43328,41.64468],[140.44321,41.56371],[140.43238,41.53083],[140.40065,41.51301],[140.27467,41.48237],[140.24122,41.45722],[140.20899,41.40111],[140.13746,41.42097],[140.10035,41.41352],[140.03826,41.44257],[139.97983,41.58173],[140.00343,41.63467],[140.01954,41.69697],[140.07114,41.7602],[140.08302,41.80077],[140.11769,41.80451],[140.12672,41.81403],[140.13136,41.84553],[140.12387,41.86595],[140.14503,41.87958],[140.1517,41.91376],[140.13966,41.94872],[140.14503,41.98265],[140.11183,42.01114],[140.06105,42.08002],[140.0276,42.10554],[139.9275,42.1389],[139.88364,42.19497],[139.84344,42.20856],[139.79835,42.23591],[139.78745,42.24677],[139.76759,42.31098],[139.78443,42.35082],[139.83676,42.4239],[139.84962,42.46931],[139.84929,42.51415],[139.83277,42.58881],[139.84344,42.62694],[139.87696,42.6634],[139.91725,42.67723],[140.03785,42.68602],[140.09547,42.73379],[140.13592,42.74714],[140.18336,42.81021],[140.20037,42.81428],[140.22291,42.80134],[140.26075,42.76097],[140.28151,42.75727],[140.30323,42.76972],[140.31178,42.81599],[140.33741,42.83413],[140.37713,42.89379],[140.52117,42.99628],[140.52711,43.01545],[140.50196,43.04572],[140.48732,43.08271],[140.43922,43.13402],[140.33806,43.21052],[140.32936,43.25072],[140.36012,43.32518],[140.43393,43.32844],[140.45289,43.33885],[140.4651,43.36807],[140.48715,43.37238],[140.62094,43.30122],[140.68922,43.24836],[140.7614,43.22346],[140.79615,43.1955],[140.91261,43.20417],[141.01124,43.22899],[141.02231,43.22378],[141.00441,43.19306],[141.02198,43.17499],[141.16912,43.14086],[141.22755,43.15449],[141.30397,43.19725],[141.37086,43.25072],[141.42335,43.31786],[141.44012,43.36172],[141.43971,43.40778],[141.42701,43.43456],[141.37086,43.49714],[141.35987,43.52359],[141.36248,43.54336],[141.39137,43.57909],[141.36402,43.62751],[141.36695,43.64631],[141.33741,43.71284],[141.38502,43.79133],[141.42482,43.8146],[141.52817,43.84121],[141.58473,43.87543],[141.64064,43.93793],[141.65895,43.98379],[141.67018,44.06664],[141.65545,44.27692],[141.6657,44.31273],[141.74724,44.42422],[141.79176,44.59699],[141.79607,44.64175],[141.78346,44.76537],[141.75359,44.88544],[141.72185,44.95515],[141.58644,45.16437],[141.57488,45.20686],[141.58375,45.25117],[141.61785,45.28535],[141.6277,45.3144],[141.64918,45.34101],[141.63706,45.40445],[141.64796,45.4372],[141.6657,45.45043],[141.67726,45.44432],[141.69215,45.40229],[141.82325,45.42255],[141.87534,45.44819],[141.87867,45.48404],[141.91944,45.51586],[141.945,45.52041],[141.96046,45.51024],[141.98756,45.46849],[142.01775,45.45572],[142.05665,45.40205],[142.2212,45.29963],[142.53932,45.01846],[142.63071,44.88373],[142.6657,44.86665],[142.71404,44.80622],[142.90748,44.64741],[142.93979,44.63471],[142.98146,44.58649],[143.04274,44.55492],[143.11842,44.49689],[143.20444,44.44725],[143.24073,44.43635],[143.29689,44.39468],[143.35141,44.38105],[143.36915,44.34626],[143.40528,44.31745],[143.55242,44.25251],[143.77662,44.18928],[143.77662,44.18236],[143.69532,44.18985],[143.68043,44.18236],[143.71461,44.15135],[143.72828,44.11347],[143.74244,44.12092],[143.78321,44.10065],[143.93776,44.09642],[143.96607,44.12006],[143.9992,44.13398],[144.11931,44.12906],[144.17172,44.10602],[144.1268,44.08015],[144.10548,44.03156],[144.15284,44.01984],[144.18873,44.05028],[144.2151,44.11148],[144.24293,44.11921],[144.26344,44.10782],[144.25587,44.07941],[144.27833,44.03677],[144.30226,44.02412],[144.32781,43.98379],[144.37941,43.95649],[144.43043,43.94257],[144.57032,43.92479],[144.74049,43.91462],[144.7881,43.92178],[144.83123,43.94221],[145.04851,44.12214],[145.11931,44.15449],[145.16668,44.1905],[145.20167,44.2058],[145.25026,44.2718],[145.30974,44.31635],[145.32277,44.34178],[145.34148,44.34553],[145.37306,44.29222],[145.37184,44.24877],[145.34986,44.21162],[145.29054,44.15449],[145.26043,44.0694],[145.1443,43.95295],[145.10613,43.88076],[145.11598,43.86245],[145.10987,43.84195],[145.07146,43.7746],[145.07472,43.75373],[145.11598,43.68684],[145.19484,43.62067],[145.21852,43.58967],[145.23227,43.53994],[145.24684,43.53046],[145.29078,43.40534],[145.3117,43.36677],[145.34571,43.33271],[145.39357,43.30537],[145.36166,43.30146],[145.29916,43.34125],[145.27003,43.34638],[145.25831,43.32709],[145.2645,43.31672],[145.31512,43.30292],[145.32081,43.29597],[145.30421,43.29169],[145.32163,43.27627],[145.38364,43.25902],[145.46844,43.253],[145.5171,43.22899],[145.52198,43.2412],[145.50131,43.25699],[145.49659,43.27058],[145.58229,43.33576],[145.6338,43.35318],[145.66163,43.37983],[145.72316,43.37983],[145.75034,43.39411],[145.76743,43.38727]]],[[[139.54851,42.24335],[139.56422,42.23176],[139.52068,42.17451],[139.50896,42.10082],[139.49391,42.07884],[139.45533,42.05158],[139.44565,42.05484],[139.42945,42.0738],[139.42506,42.12299],[139.41082,42.154],[139.42384,42.1916],[139.45216,42.21532],[139.49732,42.22224],[139.54851,42.24335]]],[[[145.31153,43.59333],[145.36036,43.56477],[145.3628,43.55488],[145.31202,43.54218],[145.29737,43.52265],[145.28354,43.51789],[145.2732,43.52237],[145.27687,43.53815],[145.33204,43.56542],[145.2024,43.61384],[145.31153,43.59333]]],[[[141.32716,45.17235],[141.33562,45.15778],[141.31007,45.12458],[141.2684,45.10102],[141.25123,45.09919],[141.15008,45.14712],[141.13111,45.17015],[141.14552,45.18977],[141.13185,45.21027],[141.16717,45.23998],[141.20265,45.24909],[141.26832,45.22553],[141.32716,45.17235]]],[[[141.05274,45.45043],[141.06902,45.44269],[141.07358,45.42471],[141.05909,45.32197],[141.03566,45.26488],[141.02906,45.27851],[141.03566,45.29218],[140.99887,45.35],[140.99415,45.37104],[141.00099,45.41914],[140.96681,45.46345],[140.9861,45.46743],[141.0066,45.44042],[141.05274,45.45043]]]]}},{"type":"Feature","properties":{"pref":2,"code":"02","name":"青森県"},"geometry":{"type":"Polygon","coordinates":[[[139.94376,40.42928],[139.94279,40.54459],[139.91516,40.58617],[139.8764,40.58344],[139.85678,40.59016],[139.86036,40.60879],[139.9003,40.64247],[139.92584,40.64682],[139.93862,40.66985],[139.95954,40.67769],[139.99816,40.7421],[140.04598,40.76777],[140.12236,40.74477],[140.19804,40.78645],[140.21909,40.77834],[140.25807,40.79564],[140.29664,40.87377],[140.31625,40.95441],[140.32192,41.02745],[140.36959,40.98606],[140.38234,40.98827],[140.36963,41.02166],[140.38558,41.02943],[140.40779,41.0257],[140.39899,41.03937],[140.35059,41.03884],[140.34067,41.05004],[140.32691,41.04119],[140.32185,41.08292],[140.30016,41.11128],[140.2481,41.12336],[140.24548,41.13387],[140.25618,41.1389],[140.30397,41.13668],[140.32043,41.14978],[140.34228,41.26573],[140.39148,41.24044],[140.4358,41.19815],[140.46225,41.18389],[140.48367,41.18347],[140.51107,41.19772],[140.52476,41.21998],[140.5486,41.22624],[140.59391,41.22018],[140.6327,41.19426],[140.64267,41.17138],[140.63103,41.10566],[140.64129,41.04149],[140.65455,41.00849],[140.67303,40.89558],[140.70312,40.85329],[140.7524,40.83519],[140.79922,40.83908],[140.85207,40.88385],[140.87073,40.91514],[140.86293,40.93356],[140.87084,40.94485],[140.84052,40.95297],[140.86149,40.95713],[140.86105,40.97204],[140.88868,41.01078],[140.90289,41.009],[140.91441,40.9961],[140.9487,40.99075],[140.9814,40.95977],[140.97507,40.93776],[141.05822,40.91652],[141.08371,40.88641],[141.12627,40.87292],[141.14715,40.87884],[141.18525,40.91122],[141.2264,40.98744],[141.23641,41.01572],[141.24637,41.10686],[141.27224,41.13658],[141.27788,41.15533],[141.2561,41.21124],[141.20591,41.26472],[141.18338,41.27706],[141.16123,41.27847],[141.13696,41.2467],[141.14385,41.24166],[141.15912,41.25669],[141.14683,41.23629],[141.05808,41.18307],[140.97756,41.19648],[140.94627,41.17329],[140.86273,41.16412],[140.8285,41.14611],[140.81453,41.12846],[140.79816,41.12858],[140.7658,41.14502],[140.76555,41.19596],[140.77817,41.20685],[140.7847,41.23515],[140.7804,41.25193],[140.80315,41.32954],[140.81517,41.33756],[140.83695,41.41822],[140.90105,41.48102],[140.9071,41.5008],[140.89946,41.52418],[140.90709,41.53855],[140.91357,41.54686],[140.97806,41.49766],[141.00334,41.48709],[141.06531,41.48112],[141.10775,41.46387],[141.195,41.38715],[141.2761,41.3532],[141.31792,41.35305],[141.38216,41.3726],[141.46058,41.43022],[141.46387,41.42602],[141.46344,41.40382],[141.45381,41.39635],[141.45747,41.37747],[141.44528,41.36618],[141.42379,41.31271],[141.39082,41.16101],[141.39828,41.12812],[141.38631,41.03036],[141.39026,40.93393],[141.42316,40.72577],[141.43739,40.67014],[141.49164,40.56233],[141.5325,40.5314],[141.57555,40.54228],[141.58926,40.52211],[141.68099,40.45101],[141.58777,40.4071],[141.56545,40.36756],[141.55315,40.35919],[141.45434,40.36741],[141.35688,40.34007],[141.30252,40.35539],[141.08765,40.26268],[141.02543,40.21863],[141.0015,40.21132],[140.92626,40.24398],[140.93572,40.29759],[140.96399,40.38061],[140.9599,40.41079],[140.93665,40.43291],[140.94864,40.4497],[140.94688,40.45967],[140.9151,40.48254],[140.86885,40.4966],[140.81903,40.49226],[140.78803,40.46244],[140.71692,40.42554],[140.64788,40.4118],[140.59233,40.42518],[140.54422,40.40797],[140.52778,40.41221],[140.43384,40.45981],[140.42273,40.47691],[140.40903,40.48084],[140.35798,40.47288],[140.30062,40.44709],[140.12187,40.44862],[140.06135,40.46409],[139.99614,40.4319],[139.94376,40.42928]]]}},{"type":"Feature","properties":{"pref":3,"code":"03","name":"岩手県"},"geometry":{"type":"Polygon","coordinates":[[[141.68099,40.45101],[141.71914,40.41284],[141.72609,40.39379],[141.74378,40.38392],[141.77849,40.3155],[141.80348,40.29003],[141.84197,40.22578],[141.8152,40.20287],[141.81332,40.18358],[141.865,40.15974],[141.87721,40.13931],[141.84742,40.11514],[141.83758,40.09455],[141.84246,40.07038],[141.91961,40.00886],[141.94956,39.99657],[141.96144,39.95368],[141.94223,39.92451],[141.97185,39.883],[141.97869,39.8393],[142.0088,39.75275],[141.99122,39.73046],[141.97828,39.64785],[141.96046,39.61164],[141.96632,39.59846],[142.01246,39.63581],[142.03614,39.63898],[142.02898,39.62299],[142.03614,39.61164],[142.02735,39.59471],[142.03077,39.58417],[142.07032,39.5502],[142.05665,39.52603],[142.01515,39.48872],[141.95297,39.46076],[141.97088,39.44326],[141.99627,39.44526],[142.01889,39.45938],[142.03639,39.48379],[142.05844,39.4663],[142.03989,39.45458],[142.0381,39.42402],[142.03159,39.4173],[141.98097,39.41242],[141.93873,39.38508],[141.96412,39.37556],[141.90528,39.33047],[141.92465,39.3249],[141.94679,39.33039],[141.98097,39.35098],[141.98365,39.32714],[141.91489,39.29487],[141.93263,39.27521],[141.8991,39.27521],[141.8991,39.24852],[141.94703,39.2497],[141.94923,39.22801],[141.93002,39.21223],[141.90211,39.20433],[141.87867,39.20759],[141.88168,39.19245],[141.89373,39.18675],[141.92628,39.18708],[141.91578,39.16999],[141.89519,39.15937],[141.84376,39.15233],[141.90887,39.10977],[141.91334,39.09772],[141.89047,39.08955],[141.83546,39.10432],[141.81715,39.09089],[141.87184,39.06293],[141.82325,39.05671],[141.82325,39.04926],[141.85572,39.02607],[141.84742,39.02196],[141.80649,39.02949],[141.74562,39.02619],[141.72771,39.03628],[141.7282,39.02172],[141.74822,38.98786],[141.72706,38.98762],[141.71339,38.97419],[141.7339,38.96052],[141.71713,38.94685],[141.69093,38.95962],[141.67311,38.98102],[141.69361,38.99531],[141.65105,38.99681],[141.63836,38.98542],[141.6403,38.9675],[141.53997,38.99015],[141.49946,38.98677],[141.48581,38.977],[141.48235,38.96362],[141.48132,38.91137],[141.45073,38.87277],[141.45057,38.82409],[141.44328,38.80941],[141.4067,38.78544],[141.32071,38.81303],[141.22841,38.75417],[141.14614,38.78621],[141.13343,38.79877],[141.11245,38.83138],[141.13622,38.85275],[141.12889,38.86365],[140.99267,38.8752],[140.81609,38.94659],[140.75945,38.95173],[140.77464,39.00392],[140.79841,39.04868],[140.79469,39.0602],[140.75852,39.0864],[140.74937,39.11327],[140.76395,39.14808],[140.79609,39.17472],[140.77418,39.1958],[140.76054,39.24086],[140.6994,39.29207],[140.65811,39.39227],[140.73914,39.54689],[140.79092,39.59908],[140.81376,39.64394],[140.7902,39.71977],[140.82647,39.78434],[140.78617,39.81734],[140.78317,39.84015],[140.80477,39.86555],[140.85397,39.86666],[140.87055,39.87832],[140.84528,39.95816],[140.83784,40.05384],[140.85598,40.10409],[140.86187,40.15016],[140.85541,40.1806],[140.88482,40.21674],[140.92626,40.24398],[140.97437,40.2193],[141.01344,40.2131],[141.08765,40.26268],[141.30252,40.35539],[141.35688,40.34007],[141.45434,40.36741],[141.55315,40.35919],[141.56545,40.36756],[141.58777,40.4071],[141.68099,40.45101]]]}},{"type":"Feature","properties":{"pref":4,"code":"04","name":"宮城県"},"geometry":{"type":"Polygon","coordinates":[[[141.6403,38.9675],[141.64527,38.923],[141.6736,38.85195],[141.65211,38.86433],[141.63673,38.8911],[141.58855,38.88223],[141.58709,38.81924],[141.52166,38.76813],[141.56707,38.72883],[141.5726,38.71866],[141.56642,38.70356],[141.55974,38.69953],[141.54282,38.70726],[141.51588,38.68427],[141.46306,38.66136],[141.47389,38.64521],[141.53224,38.63841],[141.53517,38.63203],[141.5114,38.5974],[141.46705,38.56953],[141.51466,38.53482],[141.52915,38.54902],[141.54762,38.51862],[141.54282,38.48139],[141.52418,38.48969],[141.51482,38.50804],[141.49497,38.46088],[141.50799,38.4466],[141.47145,38.43574],[141.47047,38.42951],[141.47755,38.40156],[141.48756,38.39204],[141.5184,38.40233],[141.53761,38.39818],[141.54908,38.38516],[141.52036,38.39053],[141.50123,38.37153],[141.52524,38.35993],[141.5298,38.31794],[141.54282,38.30264],[141.5254,38.26781],[141.49122,38.29239],[141.46339,38.29922],[141.46705,38.32307],[141.42555,38.34357],[141.43971,38.37153],[141.42807,38.38044],[141.38624,38.38085],[141.33318,38.409],[141.2024,38.38581],[141.18092,38.37116],[141.16969,38.32282],[141.15211,38.32307],[141.13185,38.37153],[141.11459,38.36465],[141.09783,38.37153],[141.07944,38.36091],[141.05421,38.32917],[141.04868,38.30948],[141.07911,38.31159],[141.08058,38.29491],[141.05274,38.27871],[140.98797,38.20702],[140.96681,38.17048],[140.92579,38.04938],[140.91977,37.96516],[140.93319,37.88981],[140.87784,37.88771],[140.8549,37.87604],[140.84963,37.79878],[140.82492,37.78638],[140.77805,37.78596],[140.78462,37.77542],[140.77898,37.77038],[140.73304,37.77687],[140.6947,37.79855],[140.68281,37.81568],[140.6794,37.85991],[140.6516,37.88291],[140.57491,37.90327],[140.49797,37.89495],[140.44324,37.94301],[140.40459,37.95464],[140.32061,37.94585],[140.26956,37.96425],[140.28232,38.04512],[140.30857,38.06166],[140.36066,38.06863],[140.3788,38.07871],[140.45079,38.15214],[140.46216,38.1908],[140.46138,38.24485],[140.47435,38.28175],[140.52251,38.35771],[140.55972,38.39479],[140.58504,38.4529],[140.58205,38.48003],[140.55838,38.50809],[140.55429,38.56777],[140.5344,38.63118],[140.54112,38.64214],[140.58194,38.64328],[140.599,38.65979],[140.60675,38.73231],[140.61822,38.75557],[140.57714,38.82223],[140.54267,38.85753],[140.5329,38.88171],[140.54406,38.8737],[140.5776,38.87202],[140.64199,38.88933],[140.75945,38.95173],[140.81609,38.94659],[140.99267,38.8752],[141.12889,38.86365],[141.13622,38.85275],[141.11245,38.83138],[141.13343,38.79877],[141.14614,38.78621],[141.22841,38.75417],[141.32071,38.81303],[141.4067,38.78544],[141.44328,38.80941],[141.45057,38.82409],[141.45073,38.87277],[141.48132,38.91137],[141.48235,38.96362],[141.48581,38.977],[141.49946,38.98677],[141.53997,38.99015],[141.6403,38.9675]]]}},{"type":"Feature","properties":{"pref":5,"code":"05","name":"秋田県"},"geometry":{"type":"Polygon","coordinates":[[[139.88086,39.11511],[139.89194,39.1332],[139.90358,39.22494],[139.91684,39.2625],[139.93181,39.28711],[139.96358,39.29882],[139.99531,39.32733],[140.04858,39.50467],[140.0593,39.72749],[140.03912,39.76928],[140.0276,39.82453],[139.96648,39.88007],[139.9214,39.89851],[139.87745,39.89281],[139.84376,39.86176],[139.7601,39.85806],[139.70867,39.92426],[139.70417,39.94516],[139.71944,39.95214],[139.70099,39.96066],[139.69773,39.98857],[139.70064,40.00564],[139.74345,39.98246],[139.82211,39.96109],[139.86693,39.9843],[139.90419,40.0177],[139.97804,40.12547],[139.9935,40.16962],[139.98861,40.19111],[140.01115,40.23546],[140.02426,40.35502],[139.94606,40.41885],[139.94376,40.42928],[139.99614,40.4319],[140.06135,40.46409],[140.12187,40.44862],[140.30062,40.44709],[140.35798,40.47288],[140.40903,40.48084],[140.42273,40.47691],[140.43384,40.45981],[140.52778,40.41221],[140.54422,40.40797],[140.59233,40.42518],[140.64788,40.4118],[140.71692,40.42554],[140.78803,40.46244],[140.81903,40.49226],[140.84993,40.49952],[140.9151,40.48254],[140.94037,40.4682],[140.94864,40.4497],[140.93665,40.43291],[140.9599,40.41079],[140.96275,40.36865],[140.93572,40.29759],[140.92626,40.24398],[140.88482,40.21674],[140.85541,40.1806],[140.86187,40.15016],[140.85598,40.10409],[140.83815,40.06639],[140.84528,39.95816],[140.87055,39.87832],[140.85397,39.86666],[140.80477,39.86555],[140.78317,39.84015],[140.78617,39.81734],[140.82647,39.78434],[140.7902,39.71977],[140.81376,39.64394],[140.79092,39.59908],[140.73914,39.54689],[140.65811,39.39227],[140.6994,39.29207],[140.76054,39.24086],[140.77418,39.1958],[140.79609,39.17472],[140.76395,39.14808],[140.74937,39.11327],[140.75852,39.0864],[140.79469,39.0602],[140.79841,39.04868],[140.77464,39.00392],[140.75945,38.95173],[140.64199,38.88933],[140.5776,38.87202],[140.54406,38.8737],[140.47936,38.8922],[140.44893,38.9154],[140.42118,38.96388],[140.34278,39.00385],[140.2107,39.02],[140.17804,39.04118],[140.1043,39.05738],[140.02415,39.10836],[139.96275,39.09823],[139.88086,39.11511]]]}},{"type":"Feature","properties":{"pref":6,"code":"06","name":"山形県"},"geometry":{"type":"Polygon","coordinates":[[[139.54872,38.545],[139.59921,38.64825],[139.62706,38.68121],[139.71616,38.74567],[139.77384,38.81712],[139.81527,38.94106],[139.85756,39.03228],[139.88086,39.11511],[139.96275,39.09823],[140.02415,39.10836],[140.12621,39.04847],[140.17804,39.04118],[140.2107,39.02],[140.34278,39.00385],[140.40505,38.97566],[140.42118,38.96388],[140.44893,38.9154],[140.47936,38.8922],[140.5329,38.88171],[140.54267,38.85753],[140.57714,38.82223],[140.61822,38.75557],[140.60675,38.73231],[140.599,38.65979],[140.58194,38.64328],[140.54112,38.64214],[140.5344,38.63118],[140.55429,38.56777],[140.55838,38.50809],[140.58205,38.48003],[140.58504,38.4529],[140.55972,38.39479],[140.52251,38.35771],[140.47435,38.28175],[140.46138,38.24485],[140.46216,38.1908],[140.45079,38.15214],[140.3788,38.07871],[140.36066,38.06863],[140.30857,38.06166],[140.28232,38.04512],[140.26506,37.87231],[140.27374,37.79955],[140.26119,37.76899],[140.21447,37.74059],[140.16171,37.7423],[140.1043,37.72266],[140.04916,37.75604],[139.99924,37.75429],[139.97924,37.76199],[139.93237,37.81159],[139.91656,37.81454],[139.88999,37.80467],[139.85015,37.81185],[139.79067,37.80576],[139.72463,37.82038],[139.65399,37.8589],[139.63104,37.87929],[139.6174,37.90957],[139.64391,38.0012],[139.64453,38.04135],[139.66458,38.07194],[139.67915,38.18757],[139.68737,38.20206],[139.70148,38.20909],[139.79367,38.21193],[139.84442,38.24087],[139.87118,38.28591],[139.86224,38.31438],[139.84659,38.33012],[139.80561,38.35435],[139.74897,38.35952],[139.70939,38.38768],[139.69621,38.41554],[139.70179,38.49439],[139.54872,38.545]]]}},{"type":"Feature","properties":{"pref":7,"code":"07","name":"福島県"},"geometry":{"type":"Polygon","coordinates":[[[140.93319,37.88981],[140.99326,37.79984],[141.02223,37.72695],[141.02198,37.70673],[141.00782,37.67886],[141.02817,37.6481],[141.04184,37.37714],[141.00782,37.22675],[141.00782,37.13386],[140.98797,37.08979],[140.97438,37.00178],[140.9603,36.96621],[140.92579,36.93891],[140.83522,36.90843],[140.80437,36.88597],[140.79729,36.84649],[140.61439,36.89615],[140.57,36.92607],[140.55972,36.90824],[140.56985,36.87139],[140.56468,36.86318],[140.53244,36.84561],[140.48122,36.79711],[140.44986,36.79458],[140.40691,36.81576],[140.28604,36.90586],[140.23731,36.92483],[140.24103,36.94307],[140.23127,36.99999],[140.19881,37.0202],[140.17628,37.05893],[140.0981,37.10582],[139.91687,37.14357],[139.86131,37.13045],[139.79119,37.08123],[139.74742,37.07701],[139.67853,37.05322],[139.50955,36.9749],[139.44589,36.95614],[139.4079,36.92514],[139.35959,36.90204],[139.21737,36.9295],[139.21458,36.94565],[139.22699,36.96178],[139.24063,37.0395],[139.2352,37.1399],[139.2043,37.1921],[139.17841,37.18957],[139.15557,37.22589],[139.19391,37.29659],[139.20818,37.35459],[139.20383,37.37958],[139.1888,37.39901],[139.18854,37.41813],[139.2088,37.44113],[139.22574,37.44691],[139.326,37.46128],[139.38139,37.46081],[139.39519,37.48841],[139.41953,37.50334],[139.55358,37.5065],[139.55286,37.56308],[139.53575,37.60365],[139.53715,37.62437],[139.72463,37.82038],[139.79067,37.80576],[139.85015,37.81185],[139.88999,37.80467],[139.91656,37.81454],[139.93237,37.81159],[139.96555,37.77294],[139.99056,37.75653],[140.04916,37.75604],[140.09391,37.72736],[140.11737,37.72261],[140.16171,37.7423],[140.22269,37.74333],[140.26925,37.78054],[140.26956,37.96425],[140.32061,37.94585],[140.40459,37.95464],[140.44324,37.94301],[140.49797,37.89495],[140.57491,37.90327],[140.6516,37.88291],[140.6794,37.85991],[140.68281,37.81568],[140.6947,37.79855],[140.73304,37.77687],[140.7641,37.7702],[140.78462,37.77542],[140.77805,37.78596],[140.82492,37.78638],[140.84963,37.79878],[140.85273,37.86751],[140.86466,37.88304],[140.93319,37.88981]]]}},{"type":"Feature","properties":{"pref":8,"code":"08","name":"茨城県"},"geometry":{"type":"Polygon","coordinates":[[[140.79729,36.84649],[140.74187,36.76846],[140.69386,36.61799],[140.62355,36.50609],[140.61012,36.43391],[140.62477,36.36359],[140.61687,36.3378],[140.56411,36.2831],[140.57838,36.16096],[140.64603,36.01332],[140.78932,35.80866],[140.85717,35.73245],[140.79898,35.74379],[140.69274,35.83267],[140.62571,35.85365],[140.55145,35.88856],[140.46143,35.89244],[140.39281,35.88489],[140.36779,35.87843],[140.34557,35.85543],[140.31994,35.85068],[140.18967,35.8429],[140.12734,35.85443],[139.96963,35.91393],[139.93237,35.93848],[139.80545,36.0778],[139.73347,36.0849],[139.68551,36.1255],[139.65373,36.20314],[139.70365,36.20469],[139.78199,36.23433],[139.84039,36.29995],[139.89485,36.30931],[139.9535,36.36212],[139.97609,36.36822],[140.01417,36.36486],[140.05484,36.38334],[140.11427,36.39602],[140.15721,36.39253],[140.18114,36.41488],[140.2354,36.51687],[140.22103,36.67719],[140.26677,36.71864],[140.25064,36.7613],[140.23731,36.92483],[140.28604,36.90586],[140.40691,36.81576],[140.44986,36.79458],[140.48122,36.79711],[140.53244,36.84561],[140.56468,36.86318],[140.56985,36.87139],[140.55972,36.90824],[140.57,36.92607],[140.61439,36.89615],[140.79729,36.84649]]]}},{"type":"Feature","properties":{"pref":9,"code":"09","name":"栃木県"},"geometry":{"type":"Polygon","coordinates":[[[139.44051,36.26848],[139.34352,36.35856],[139.33654,36.37912],[139.34088,36.39571],[139.3784,36.44385],[139.39705,36.49844],[139.44764,36.5727],[139.43586,36.5951],[139.35375,36.6097],[139.31205,36.63216],[139.30595,36.64474],[139.33044,36.71931],[139.33261,36.76907],[139.36894,36.81429],[139.33638,36.86008],[139.35959,36.90204],[139.4079,36.92514],[139.44589,36.95614],[139.50955,36.9749],[139.67853,37.05322],[139.74742,37.07701],[139.79119,37.08123],[139.86131,37.13045],[139.88586,37.13918],[139.95816,37.13939],[140.0981,37.10582],[140.18502,37.05293],[140.19881,37.0202],[140.23044,37.00105],[140.23452,36.99025],[140.25064,36.7613],[140.26677,36.71864],[140.22103,36.67719],[140.2354,36.51687],[140.17029,36.4016],[140.14419,36.39096],[140.08647,36.3916],[140.01417,36.36486],[139.97609,36.36822],[139.9535,36.36212],[139.89485,36.30931],[139.84039,36.29995],[139.78199,36.23433],[139.70365,36.20469],[139.65373,36.20314],[139.63849,36.22575],[139.58867,36.26011],[139.50283,36.27438],[139.44051,36.26848]]]}},{"type":"Feature","properties":{"pref":10,"code":"10","name":"群馬県"},"geometry":{"type":"Polygon","coordinates":[[[139.09196,37.03924],[139.15138,36.9949],[139.16756,36.96023],[139.21458,36.94565],[139.21737,36.9295],[139.35959,36.90204],[139.33638,36.86008],[139.36894,36.81429],[139.33261,36.76907],[139.33044,36.71931],[139.30595,36.64474],[139.31205,36.63216],[139.35375,36.6097],[139.43586,36.5951],[139.44764,36.5727],[139.39705,36.49844],[139.3784,36.44385],[139.34088,36.39571],[139.33654,36.37912],[139.34352,36.35856],[139.44051,36.26848],[139.50283,36.27438],[139.60546,36.25241],[139.63849,36.22575],[139.67404,36.15221],[139.56309,36.19097],[139.5142,36.19283],[139.47307,36.17808],[139.3786,36.22249],[139.30429,36.22823],[139.13805,36.2706],[139.11185,36.27086],[139.04963,36.1965],[139.03377,36.13867],[138.75074,36.02718],[138.70092,35.96954],[138.61452,36.03103],[138.61328,36.1164],[138.57028,36.15335],[138.56811,36.16549],[138.59261,36.16978],[138.6047,36.18637],[138.58702,36.27022],[138.62986,36.31065],[138.62366,36.38396],[138.61483,36.40028],[138.58377,36.4169],[138.45065,36.39757],[138.3889,36.43452],[138.3768,36.46783],[138.40471,36.57038],[138.43654,36.62544],[138.4939,36.64577],[138.49923,36.68205],[138.50744,36.68887],[138.60346,36.70655],[138.72268,36.74918],[138.79414,36.75781],[138.80815,36.76783],[138.82246,36.80359],[138.89011,36.82667],[138.91057,36.84323],[138.91708,36.87847],[138.96473,36.90168],[138.95961,36.92718],[138.96519,36.96741],[139.03361,36.98699],[139.05661,37.001],[139.08002,37.03658],[139.09196,37.03924]]]}},{"type":"Feature","properties":{"pref":11,"code":"11","name":"埼玉県"},"geometry":{"type":"Polygon","coordinates":[[[139.11185,36.27086],[139.13805,36.2706],[139.30429,36.22823],[139.3786,36.22249],[139.47307,36.17808],[139.5142,36.19283],[139.56309,36.19097],[139.67404,36.15221],[139.68551,36.1255],[139.71094,36.09829],[139.75285,36.07956],[139.78592,36.03679],[139.83863,35.9229],[139.86653,35.88882],[139.8748,35.85037],[139.86395,35.77813],[139.75781,35.79528],[139.71471,35.77642],[139.64128,35.77712],[139.6036,35.75903],[139.5356,35.75157],[139.52289,35.77479],[139.50738,35.77766],[139.45261,35.75637],[139.41147,35.75198],[139.38449,35.75492],[139.27153,35.80898],[139.06017,35.85306],[139.01361,35.87729],[138.99372,35.87654],[138.95289,35.85789],[138.92282,35.83538],[138.86897,35.83776],[138.79761,35.856],[138.7157,35.89647],[138.69952,35.94982],[138.70092,35.96954],[138.73182,35.99956],[138.74143,36.01987],[139.03377,36.13867],[139.04963,36.1965],[139.11185,36.27086]]]}},{"type":"Feature","properties":{"pref":12,"code":"12","name":"千葉県"},"geometry":{"type":"Polygon","coordinates":[[[140.85947,35.73538],[140.87941,35.72053],[140.86067,35.68779],[140.8283,35.71397],[140.72079,35.68252],[140.71626,35.69879],[140.66106,35.68864],[140.59616,35.65208],[140.48347,35.56599],[140.42322,35.49064],[140.38592,35.381],[140.4131,35.30122],[140.3942,35.19659],[140.37763,35.17636],[140.34894,35.18052],[140.33048,35.15778],[140.33354,35.14235],[140.32121,35.13039],[140.30335,35.1334],[140.29437,35.14664],[140.27891,35.13199],[140.25332,35.13462],[140.23738,35.11243],[140.1346,35.12265],[140.10595,35.0976],[140.10081,35.07575],[140.07549,35.05927],[140.05554,35.05887],[139.99097,35.0205],[139.96406,34.97596],[139.96214,34.94085],[139.9264,34.90736],[139.8431,34.89998],[139.82198,34.91211],[139.82318,34.93492],[139.81083,34.94354],[139.75699,34.95628],[139.75278,34.97581],[139.80851,34.97617],[139.8271,34.99019],[139.85865,34.9868],[139.86997,34.99934],[139.86769,35.01333],[139.83578,35.02725],[139.83465,35.03742],[139.84962,35.05801],[139.83578,35.09927],[139.83644,35.1352],[139.81897,35.15766],[139.82461,35.19906],[139.86515,35.2241],[139.86633,35.24621],[139.84832,35.27172],[139.84933,35.29355],[139.781,35.31806],[139.80219,35.31735],[139.82416,35.32842],[139.82467,35.34701],[139.84478,35.37621],[139.89274,35.36418],[139.90786,35.37872],[139.90012,35.4231],[140.00586,35.47343],[140.07189,35.54286],[140.09016,35.54085],[140.10205,35.56709],[140.08612,35.56681],[140.0796,35.60358],[140.00895,35.65976],[139.99578,35.65668],[139.98361,35.66865],[139.95041,35.67259],[139.92053,35.66207],[139.93958,35.63689],[139.89717,35.61437],[139.86424,35.63207],[139.88596,35.69774],[139.86395,35.77813],[139.87186,35.86936],[139.86653,35.88882],[139.83057,35.93791],[139.79646,36.01891],[139.75285,36.07956],[139.80545,36.0778],[139.93237,35.93848],[139.96963,35.91393],[140.12734,35.85443],[140.18967,35.8429],[140.31994,35.85068],[140.34557,35.85543],[140.36779,35.87843],[140.39281,35.88489],[140.46143,35.89244],[140.55145,35.88856],[140.62571,35.85365],[140.69274,35.83267],[140.79898,35.74379],[140.85947,35.73538]]]}},{"type":"Feature","properties":{"pref":13,"code":"13","name":"東京都"},"geometry":{"type":"MultiPolygon","coordinates":[[[[139.86424,35.63207],[139.85027,35.63752],[139.83728,35.61455],[139.82389,35.62295],[139.82036,35.63805],[139.80683,35.63819],[139.78915,35.60324],[139.77486,35.61764],[139.77563,35.6411],[139.76527,35.65351],[139.75816,35.63156],[139.79906,35.54001],[139.78688,35.52717],[139.78662,35.51153],[139.69776,35.53809],[139.65487,35.56413],[139.53942,35.61261],[139.50283,35.60752],[139.4878,35.59178],[139.45447,35.59731],[139.48981,35.55879],[139.47183,35.54181],[139.474,35.49874],[139.46315,35.48982],[139.39907,35.55631],[139.37726,35.56677],[139.26636,35.58214],[139.20383,35.62372],[139.03578,35.69635],[138.98054,35.74691],[138.94659,35.81663],[138.92282,35.83538],[138.95289,35.85789],[138.99372,35.87654],[139.01361,35.87729],[139.06017,35.85306],[139.27153,35.80898],[139.38449,35.75492],[139.41147,35.75198],[139.45261,35.75637],[139.50738,35.77766],[139.52289,35.77479],[139.5356,35.75157],[139.6036,35.75903],[139.64128,35.77712],[139.71471,35.77642],[139.75781,35.79528],[139.86395,35.77813],[139.88596,35.69774],[139.86424,35.63207]]],[[[141.35776,24.78962],[141.36549,24.77774],[141.33058,24.76911],[141.28956,24.72696],[141.28981,24.76024],[141.29949,24.78588],[141.33025,24.79409],[141.35776,24.78962]]],[[[142.19321,26.64606],[142.17555,26.63866],[142.18019,26.6188],[142.15992,26.63203],[142.11134,26.72118],[142.13185,26.71499],[142.14324,26.70222],[142.16586,26.70132],[142.15561,26.67915],[142.18019,26.67402],[142.1727,26.65351],[142.18621,26.6579],[142.19321,26.64606]]],[[[142.19321,27.09174],[142.23325,27.09431],[142.24106,27.0843],[142.23463,27.05004],[142.21852,27.04035],[142.19858,27.05109],[142.18019,27.07807],[142.21437,27.06379],[142.19321,27.09174]]],[[[139.79103,33.13532],[139.86232,33.107],[139.87745,33.08759],[139.83578,33.03978],[139.78761,33.05842],[139.73976,33.13325],[139.76775,33.14989],[139.79103,33.13532]]],[[[139.48707,34.06078],[139.4944,34.09276],[139.52345,34.11237],[139.55633,34.11347],[139.57504,34.09003],[139.56129,34.05809],[139.53452,34.03754],[139.50611,34.03587],[139.48707,34.06078]]],[[[139.27036,34.39598],[139.30095,34.41791],[139.2964,34.36787],[139.28346,34.33686],[139.26783,34.3227],[139.25367,34.34138],[139.27036,34.39598]]],[[[139.41822,34.78083],[139.45004,34.75678],[139.45851,34.71503],[139.45379,34.67894],[139.42164,34.67719],[139.35935,34.7023],[139.35119,34.72003],[139.35646,34.79723],[139.41822,34.78083]]],[[[139.62281,33.88557],[139.62957,33.87173],[139.6229,33.85676],[139.59425,33.85472],[139.58131,33.86254],[139.57976,33.88032],[139.59246,33.89582],[139.60963,33.89639],[139.62281,33.88557]]]]}},{"type":"Feature","properties":{"pref":14,"code":"14","name":"神奈川県"},"geometry":{"type":"Polygon","coordinates":[[[139.78662,35.51153],[139.71408,35.46473],[139.68822,35.46111],[139.6669,35.46793],[139.6423,35.45426],[139.6874,35.43218],[139.68204,35.41881],[139.68686,35.4007],[139.65,35.41055],[139.63579,35.40163],[139.65724,35.37702],[139.64836,35.29789],[139.6575,35.28665],[139.66439,35.29878],[139.6769,35.29154],[139.69418,35.26874],[139.73423,35.2652],[139.74545,35.24897],[139.72592,35.2333],[139.73227,35.22256],[139.72803,35.20708],[139.6888,35.20913],[139.66646,35.19389],[139.66059,35.17823],[139.68507,35.14045],[139.66432,35.13483],[139.64151,35.13963],[139.61629,35.134],[139.6143,35.17404],[139.60179,35.20184],[139.62396,35.21162],[139.60432,35.22423],[139.56068,35.28693],[139.54851,35.28791],[139.54418,35.30789],[139.48666,35.30052],[139.46691,35.31332],[139.41486,35.31882],[139.23337,35.28532],[139.18354,35.26327],[139.14596,35.23523],[139.14243,35.18403],[139.15805,35.13646],[139.12077,35.15026],[139.09443,35.11747],[139.02875,35.13556],[138.9839,35.183],[138.9686,35.23025],[138.97062,35.24976],[139.00028,35.29056],[138.98659,35.38115],[138.96457,35.38841],[138.90034,35.38094],[138.90607,35.40084],[138.93326,35.43706],[139.09103,35.51401],[139.10627,35.53928],[139.1165,35.58478],[139.11371,35.6308],[139.12177,35.654],[139.14735,35.65002],[139.20383,35.62372],[139.26636,35.58214],[139.37726,35.56677],[139.39907,35.55631],[139.46315,35.48982],[139.474,35.49874],[139.47183,35.54181],[139.48981,35.55879],[139.45447,35.59731],[139.4878,35.59178],[139.50283,35.60752],[139.52738,35.61403],[139.65487,35.56413],[139.69776,35.53809],[139.78662,35.51153]]]}},{"type":"Feature","properties":{"pref":15,"code":"15","name":"新潟県"},"geometry":{"type":"MultiPolygon","coordinates":[[[[137.61456,36.97511],[137.68328,36.98798],[137.89674,37.05752],[137.99937,37.11105],[138.0534,37.13011],[138.0975,37.17106],[138.16443,37.1617],[138.2449,37.18379],[138.3251,37.23104],[138.43752,37.32204],[138.55063,37.37792],[138.57797,37.4029],[138.65974,37.52443],[138.71827,37.56485],[138.74659,37.59687],[138.80943,37.76077],[138.82702,37.79729],[138.85768,37.82783],[139.06819,37.95509],[139.13247,37.95883],[139.21594,37.98993],[139.30453,38.04194],[139.42514,38.15127],[139.47283,38.4125],[139.54872,38.545],[139.70179,38.49439],[139.69621,38.41554],[139.70939,38.38768],[139.76292,38.35461],[139.80561,38.35435],[139.86224,38.31438],[139.87118,38.28591],[139.84442,38.24087],[139.79367,38.21193],[139.70148,38.20909],[139.67915,38.18757],[139.66458,38.07194],[139.64453,38.04135],[139.64391,38.0012],[139.6174,37.90957],[139.63104,37.87929],[139.65399,37.8589],[139.72463,37.82038],[139.53715,37.62437],[139.53575,37.60365],[139.55286,37.56308],[139.55358,37.5065],[139.41953,37.50334],[139.39519,37.48841],[139.38139,37.46081],[139.326,37.46128],[139.22574,37.44691],[139.2088,37.44113],[139.18854,37.41813],[139.1888,37.39901],[139.20383,37.37958],[139.20818,37.35459],[139.19391,37.29659],[139.15557,37.22589],[139.17841,37.18957],[139.2043,37.1921],[139.2352,37.1399],[139.24063,37.0395],[139.22699,36.96178],[139.21458,36.94565],[139.16756,36.96023],[139.15138,36.9949],[139.10451,37.03557],[139.08002,37.03658],[139.05397,36.99872],[138.96519,36.96741],[138.95961,36.92718],[138.96473,36.90168],[138.91708,36.87847],[138.90328,36.83628],[138.82246,36.80359],[138.80815,36.76783],[138.79414,36.75781],[138.72268,36.74918],[138.67953,36.73065],[138.66681,36.76323],[138.66681,36.83584],[138.58155,36.90855],[138.55524,37.00064],[138.53587,37.01004],[138.4814,37.01418],[138.42424,37.00167],[138.36575,36.97741],[138.32358,36.9256],[138.28627,36.90767],[138.26394,36.85083],[138.21542,36.85977],[138.16405,36.83974],[138.08535,36.83318],[138.04422,36.80718],[138.00742,36.8316],[138.00835,36.87434],[137.98934,36.89697],[137.899,36.92111],[137.86872,36.91925],[137.84888,36.90095],[137.84531,36.86137],[137.80108,36.80339],[137.73266,36.77481],[137.69478,36.91196],[137.67168,36.93496],[137.63737,36.95067],[137.61456,36.97511]]],[[[138.45924,38.06989],[138.57521,38.07429],[138.57521,38.0351],[138.51319,37.94481],[138.5005,37.90668],[138.4865,37.89175],[138.37037,37.82876],[138.26515,37.79833],[138.22267,37.80223],[138.21217,37.8194],[138.21551,37.83027],[138.28321,37.84833],[138.28785,37.90599],[138.34254,37.96686],[138.31479,37.99746],[138.2479,37.9785],[138.23268,38.00776],[138.2422,38.07148],[138.29469,38.13618],[138.31007,38.16812],[138.42856,38.25629],[138.46941,38.31318],[138.51417,38.32307],[138.5193,38.30744],[138.50709,38.24144],[138.48658,38.1813],[138.44386,38.10224],[138.43751,38.06379],[138.44321,38.05195],[138.45151,38.05244],[138.45924,38.06989]]]]}},{"type":"Feature","properties":{"pref":16,"code":"16","name":"富山県"},"geometry":{"type":"Polygon","coordinates":[[[137.04442,36.9564],[137.02741,36.93884],[137.02504,36.91395],[136.98774,36.87102],[137.00554,36.83592],[137.0807,36.79009],[137.15699,36.76081],[137.19729,36.75813],[137.24144,36.76507],[137.29867,36.75701],[137.33334,36.76273],[137.35053,36.78231],[137.38361,36.80015],[137.40836,36.8452],[137.41953,36.87734],[137.41377,36.89689],[137.42711,36.92201],[137.49935,36.95574],[137.61456,36.97511],[137.63737,36.95067],[137.68455,36.92591],[137.69478,36.91196],[137.73266,36.77481],[137.72832,36.62141],[137.71948,36.58983],[137.67571,36.54878],[137.67649,36.51886],[137.62078,36.42364],[137.56538,36.377],[137.34131,36.43969],[137.29491,36.42114],[137.28669,36.42504],[137.28483,36.4508],[137.2763,36.45225],[137.20013,36.42891],[137.16117,36.43685],[137.13259,36.42522],[137.0465,36.35701],[137.02681,36.31949],[136.95798,36.27332],[136.94284,36.28404],[136.94873,36.31112],[136.9357,36.32657],[136.85049,36.3428],[136.82863,36.32858],[136.81452,36.29448],[136.79726,36.28771],[136.77323,36.292],[136.7644,36.32156],[136.77323,36.37659],[136.75758,36.41899],[136.76843,36.49664],[136.78362,36.5434],[136.7692,36.62154],[136.78703,36.66466],[136.77711,36.71895],[136.81173,36.75264],[136.83282,36.82948],[136.85979,36.88703],[136.8941,36.92571],[136.91488,36.93731],[136.95074,36.93966],[136.97927,36.95149],[137.04442,36.9564]]]}},{"type":"Feature","properties":{"pref":17,"code":"17","name":"石川県"},"geometry":{"type":"MultiPolygon","coordinates":[[[[136.22672,36.2856],[136.27867,36.32241],[136.29842,36.34728],[136.34678,36.3658],[136.43019,36.43252],[136.63996,36.6626],[136.68969,36.73083],[136.76056,36.8706],[136.76545,36.9134],[136.75039,36.92573],[136.76761,36.981],[136.75991,37.00009],[136.74229,37.01339],[136.73156,37.04765],[136.72045,37.055],[136.72674,37.12661],[136.70856,37.14988],[136.69843,37.1476],[136.69627,37.13636],[136.67644,37.1374],[136.67026,37.14996],[136.68201,37.19905],[136.70558,37.22826],[136.69784,37.23954],[136.73322,37.28502],[136.72153,37.32533],[136.74909,37.35792],[136.84217,37.39953],[136.8808,37.40799],[136.90348,37.39832],[136.93477,37.39946],[137.07154,37.453],[137.11384,37.48775],[137.29571,37.53149],[137.34097,37.51709],[137.35087,37.5061],[137.3437,37.48667],[137.3453,37.47502],[137.35898,37.46663],[137.35613,37.45319],[137.32514,37.43911],[137.28725,37.44297],[137.2536,37.42911],[137.23736,37.37988],[137.24888,37.35726],[137.26749,37.35509],[137.26535,37.33981],[137.25582,37.31526],[137.23024,37.29214],[137.16561,37.30083],[137.10872,37.28345],[137.0713,37.23811],[137.07067,37.21864],[137.03289,37.20466],[137.01417,37.18488],[136.94588,37.21719],[136.95995,37.23472],[136.95107,37.23448],[136.93043,37.22163],[136.8926,37.17332],[136.88022,37.14415],[136.89567,37.1389],[136.89323,37.11753],[136.88775,37.11032],[136.86867,37.11091],[136.86093,37.07678],[136.87469,37.06965],[136.91424,37.08242],[136.9336,37.07982],[136.96323,37.05174],[136.98013,37.04686],[137.00399,37.05546],[137.0243,37.09541],[137.03869,37.10282],[137.04713,37.09882],[137.05397,37.07982],[137.04884,37.02293],[137.05445,36.96675],[137.04442,36.9564],[136.97927,36.95149],[136.95074,36.93966],[136.91488,36.93731],[136.8941,36.92571],[136.85979,36.88703],[136.83282,36.82948],[136.81173,36.75264],[136.77711,36.71895],[136.78703,36.66466],[136.7692,36.62154],[136.78362,36.5434],[136.75835,36.44036],[136.75758,36.41899],[136.77323,36.37659],[136.7644,36.32156],[136.78424,36.27301],[136.8168,36.23521],[136.81189,36.22006],[136.76254,36.16157],[136.74528,36.10617],[136.72089,36.0748],[136.63717,36.06617],[136.56622,36.12353],[136.53299,36.13991],[136.46271,36.14679],[136.41692,36.14046],[136.32293,36.16632],[136.3052,36.18415],[136.2866,36.24236],[136.22672,36.2856]]],[[[137.04811,37.15229],[137.03875,37.1201],[136.94728,37.09699],[136.90528,37.14362],[136.91147,37.15095],[136.9284,37.13776],[136.97364,37.15327],[136.99903,37.13947],[137.04176,37.15974],[137.04811,37.15229]]]]}},{"type":"Feature","properties":{"pref":18,"code":"18","name":"福井県"},"geometry":{"type":"Polygon","coordinates":[[[135.47876,35.54373],[135.47902,35.52253],[135.48829,35.5207],[135.51222,35.54804],[135.511,35.4982],[135.55828,35.49177],[135.59645,35.50511],[135.6248,35.53234],[135.64895,35.54283],[135.66977,35.53437],[135.64192,35.52172],[135.63461,35.49356],[135.62208,35.48656],[135.64507,35.4802],[135.72443,35.49073],[135.73804,35.49874],[135.74835,35.51372],[135.7482,35.53352],[135.7208,35.52231],[135.7086,35.54055],[135.69164,35.54588],[135.70609,35.5621],[135.73845,35.57053],[135.75614,35.54907],[135.77726,35.54986],[135.79405,35.53138],[135.8105,35.52686],[135.83432,35.53437],[135.81617,35.54597],[135.8015,35.568],[135.80426,35.57518],[135.81543,35.57759],[135.82589,35.56936],[135.85475,35.57905],[135.81169,35.64341],[135.82322,35.64462],[135.86784,35.61775],[135.90185,35.62436],[135.91944,35.60816],[135.95094,35.62888],[135.98057,35.63048],[135.98167,35.64364],[135.96354,35.65541],[135.97437,35.69095],[135.97008,35.70299],[135.95645,35.70056],[135.95601,35.72833],[136.0197,35.76535],[136.04685,35.70372],[136.02701,35.68095],[136.04746,35.65881],[136.06911,35.66188],[136.0924,35.71517],[136.09946,35.7757],[136.0705,35.82475],[135.99345,35.88514],[135.99438,35.93591],[135.95729,35.97313],[135.96322,35.99992],[136.00013,36.02419],[136.04361,36.11083],[136.12016,36.19976],[136.13485,36.22455],[136.11942,36.24644],[136.12417,36.25318],[136.16263,36.25224],[136.22672,36.2856],[136.2866,36.24236],[136.3052,36.18415],[136.32293,36.16632],[136.41692,36.14046],[136.46271,36.14679],[136.53299,36.13991],[136.56622,36.12353],[136.63717,36.06617],[136.72089,36.0748],[136.7243,36.05992],[136.70714,36.01387],[136.70125,35.93161],[136.7166,35.91517],[136.76595,35.89827],[136.80212,35.85037],[136.79556,35.82438],[136.75773,35.78402],[136.66859,35.77386],[136.612,35.77926],[136.50803,35.7618],[136.48415,35.73911],[136.45537,35.7519],[136.36452,35.76609],[136.32417,35.76169],[136.30427,35.74423],[136.28985,35.69526],[136.2573,35.64563],[136.16727,35.67501],[136.12774,35.66353],[136.12444,35.64935],[136.14526,35.57096],[136.13549,35.55793],[136.09576,35.55848],[136.08082,35.51429],[136.01571,35.50331],[135.97954,35.48042],[135.93096,35.50264],[135.90099,35.41378],[135.87649,35.38159],[135.81753,35.38469],[135.74286,35.33758],[135.68829,35.33035],[135.51879,35.37345],[135.44742,35.45207],[135.45347,35.48042],[135.43931,35.50889],[135.44184,35.51773],[135.47876,35.54373]]]}},{"type":"Feature","properties":{"pref":19,"code":"19","name":"山梨県"},"geometry":{"type":"Polygon","coordinates":[[[138.36027,35.95781],[138.42817,35.93915],[138.45277,35.89032],[138.51892,35.89954],[138.57287,35.89458],[138.59467,35.88623],[138.61297,35.85817],[138.63446,35.85326],[138.66278,35.85944],[138.7157,35.89647],[138.83063,35.84546],[138.92282,35.83538],[138.94659,35.81663],[138.97093,35.76164],[138.99268,35.73255],[139.03578,35.69635],[139.12177,35.654],[139.11371,35.6308],[139.1165,35.58478],[139.09924,35.52566],[139.08048,35.50494],[138.93326,35.43706],[138.90607,35.40084],[138.90034,35.38094],[138.8297,35.36466],[138.6972,35.35076],[138.67239,35.35614],[138.63467,35.38112],[138.59323,35.3921],[138.55648,35.41748],[138.54341,35.41704],[138.5277,35.39686],[138.50569,35.29423],[138.50713,35.19429],[138.47235,35.16168],[138.44336,35.15698],[138.41897,35.16512],[138.37494,35.2038],[138.34296,35.29206],[138.30461,35.3019],[138.26229,35.29376],[138.23588,35.30369],[138.22658,35.36756],[138.2379,35.40843],[138.24131,35.51778],[138.21371,35.61178],[138.18204,35.64782],[138.16855,35.6988],[138.20266,35.7471],[138.18638,35.76557],[138.18018,35.78673],[138.2165,35.8504],[138.2255,35.85797],[138.25712,35.8481],[138.27888,35.85489],[138.33825,35.93884],[138.36027,35.95781]]]}},{"type":"Feature","properties":{"pref":20,"code":"20","name":"長野県"},"geometry":{"type":"Polygon","coordinates":[[[138.67953,36.73065],[138.60346,36.70655],[138.5183,36.69252],[138.49923,36.68205],[138.4939,36.64577],[138.44693,36.63092],[138.43065,36.61813],[138.40471,36.57038],[138.3768,36.46783],[138.3889,36.43452],[138.4384,36.40028],[138.51411,36.40434],[138.56904,36.4184],[138.60098,36.41168],[138.61483,36.40028],[138.63266,36.32391],[138.62211,36.30011],[138.58702,36.27022],[138.6047,36.18637],[138.59261,36.16978],[138.56811,36.16549],[138.57028,36.15335],[138.61328,36.1164],[138.61452,36.03103],[138.70092,35.96954],[138.69952,35.94982],[138.7157,35.89647],[138.66278,35.85944],[138.62299,35.85399],[138.58527,35.89197],[138.51892,35.89954],[138.45277,35.89032],[138.42817,35.93915],[138.36027,35.95781],[138.33825,35.93884],[138.27888,35.85489],[138.25712,35.8481],[138.2255,35.85797],[138.2165,35.8504],[138.18018,35.78673],[138.18638,35.76557],[138.20266,35.7471],[138.16855,35.6988],[138.18204,35.64782],[138.19614,35.62785],[138.17708,35.57855],[138.14323,35.56096],[138.13594,35.54708],[138.13362,35.49225],[138.14044,35.46988],[138.10943,35.42358],[138.12679,35.38453],[138.11253,35.35738],[138.08551,35.33697],[138.02778,35.31903],[137.99616,35.29128],[137.93983,35.27309],[137.83803,35.20527],[137.80557,35.19452],[137.66238,35.20901],[137.61675,35.19266],[137.56523,35.19312],[137.53872,35.23718],[137.5784,35.32844],[137.56445,35.37112],[137.57623,35.3819],[137.60445,35.38451],[137.58523,35.4951],[137.52817,35.53923],[137.50998,35.59002],[137.51076,35.63457],[137.47195,35.68165],[137.44404,35.73338],[137.42369,35.74872],[137.38446,35.76156],[137.36891,35.77746],[137.33325,35.78381],[137.32323,35.80164],[137.39278,35.88058],[137.4628,35.88939],[137.57732,36.03124],[137.58212,36.05682],[137.54476,36.10012],[137.53944,36.1179],[137.56487,36.17619],[137.5629,36.21056],[137.60631,36.2604],[137.6245,36.31499],[137.60822,36.34706],[137.56538,36.377],[137.62078,36.42364],[137.67649,36.51886],[137.67571,36.54878],[137.71948,36.58983],[137.73405,36.66805],[137.73266,36.77481],[137.80108,36.80339],[137.84531,36.86137],[137.84888,36.90095],[137.86872,36.91925],[137.899,36.92111],[137.98934,36.89697],[138.00835,36.87434],[138.00742,36.8316],[138.04422,36.80718],[138.08535,36.83318],[138.16405,36.83974],[138.21542,36.85977],[138.26394,36.85083],[138.28627,36.90767],[138.32358,36.9256],[138.36575,36.97741],[138.42424,37.00167],[138.49969,37.01539],[138.55524,37.00064],[138.58155,36.90855],[138.66681,36.83584],[138.66681,36.76323],[138.67953,36.73065]]]}},{"type":"Feature","properties":{"pref":21,"code":"21","name":"岐阜県"},"geometry":{"type":"Polygon","coordinates":[[[137.2763,36.45225],[137.28483,36.4508],[137.28669,36.42504],[137.29491,36.42114],[137.34131,36.43969],[137.56538,36.377],[137.60822,36.34706],[137.6245,36.31499],[137.60631,36.2604],[137.5629,36.21056],[137.56487,36.17619],[137.53944,36.1179],[137.54476,36.10012],[137.58212,36.05682],[137.57732,36.03124],[137.4628,35.88939],[137.39278,35.88058],[137.32323,35.80164],[137.33325,35.78381],[137.36891,35.77746],[137.38446,35.76156],[137.42369,35.74872],[137.44404,35.73338],[137.47195,35.68165],[137.51076,35.63457],[137.50998,35.59002],[137.52817,35.53923],[137.58523,35.4951],[137.60445,35.38451],[137.57623,35.3819],[137.56445,35.37112],[137.5784,35.32844],[137.54786,35.27035],[137.42203,35.21599],[137.39175,35.22067],[137.36984,35.23715],[137.2932,35.26777],[137.2639,35.26622],[137.19962,35.24123],[137.16861,35.24219],[137.11461,35.27237],[137.07084,35.28493],[137.01312,35.35443],[136.95291,35.38414],[136.84873,35.36009],[136.80594,35.34206],[136.78982,35.34084],[136.7706,35.35211],[136.76099,35.34751],[136.68006,35.23638],[136.67345,35.13881],[136.58467,35.17439],[136.52834,35.22943],[136.51516,35.23191],[136.39879,35.20261],[136.37615,35.23149],[136.37538,35.26632],[136.39398,35.31862],[136.40762,35.3934],[136.39739,35.45277],[136.35936,35.53385],[136.32602,35.53295],[136.31238,35.54168],[136.29797,35.56398],[136.28923,35.60015],[136.2573,35.64563],[136.28985,35.69526],[136.30427,35.74423],[136.32417,35.76169],[136.35026,35.76792],[136.45537,35.7519],[136.48415,35.73911],[136.50803,35.7618],[136.612,35.77926],[136.68709,35.77448],[136.76858,35.79099],[136.80305,35.83606],[136.80212,35.85037],[136.77897,35.88698],[136.75385,35.90442],[136.7166,35.91517],[136.69856,35.94354],[136.70714,36.01387],[136.7243,36.05992],[136.72089,36.0748],[136.74528,36.10617],[136.76254,36.16157],[136.81189,36.22006],[136.8168,36.23521],[136.77323,36.292],[136.79726,36.28771],[136.81452,36.29448],[136.82863,36.32858],[136.85049,36.3428],[136.9357,36.32657],[136.94873,36.31112],[136.94284,36.28404],[136.95798,36.27332],[137.02681,36.31949],[137.0465,36.35701],[137.14577,36.43271],[137.16117,36.43685],[137.20013,36.42891],[137.2763,36.45225]]]}},{"type":"Feature","properties":{"pref":22,"code":"22","name":"静岡県"},"geometry":{"type":"Polygon","coordinates":[[[139.09443,35.11747],[139.07673,35.07509],[139.07587,35.05318],[139.10597,35.04938],[139.08655,34.9973],[139.1006,34.97476],[139.13071,34.96516],[139.14259,34.94229],[139.14828,34.9051],[139.14088,34.87055],[139.09907,34.85612],[139.05171,34.77779],[139.02633,34.76425],[138.99876,34.73328],[139.00262,34.72183],[138.98561,34.6833],[138.99366,34.64985],[138.97267,34.64582],[138.94083,34.66111],[138.8353,34.59589],[138.77139,34.64731],[138.77394,34.67097],[138.74659,34.69147],[138.744,34.72889],[138.77426,34.75129],[138.74813,34.81321],[138.76222,34.84642],[138.75384,34.87947],[138.77679,34.90483],[138.78981,34.90681],[138.76369,34.95606],[138.76189,34.9799],[138.78609,35.02644],[138.89381,35.02001],[138.90756,35.03067],[138.83854,35.09953],[138.80333,35.12191],[138.69619,35.13898],[138.63727,35.11599],[138.58679,35.11436],[138.55408,35.09607],[138.52765,35.05081],[138.49788,35.03257],[138.49488,35.00073],[138.50701,34.99107],[138.50702,35.01189],[138.53162,35.01692],[138.51429,34.98018],[138.36711,34.91731],[138.35335,34.90411],[138.3283,34.85529],[138.34083,34.82648],[138.29323,34.76577],[138.21599,34.71228],[138.19361,34.64151],[138.20094,34.62157],[138.22505,34.6163],[138.24033,34.60256],[138.23329,34.59459],[138.19018,34.60123],[138.04724,34.65464],[137.96759,34.66654],[137.8928,34.6677],[137.79217,34.63939],[137.68351,34.67076],[137.547,34.67729],[137.4679,34.67097],[137.46668,34.75245],[137.48844,34.80976],[137.51195,34.82622],[137.57189,34.84097],[137.61799,34.87927],[137.63334,34.91172],[137.67044,34.94722],[137.68486,35.00252],[137.77023,35.08117],[137.79612,35.13646],[137.80557,35.19452],[137.83803,35.20527],[137.93983,35.27309],[137.99616,35.29128],[138.02778,35.31903],[138.08551,35.33697],[138.12307,35.37087],[138.12679,35.38453],[138.10943,35.42358],[138.13873,35.46006],[138.13594,35.54708],[138.14323,35.56096],[138.17708,35.57855],[138.19614,35.62785],[138.21371,35.61178],[138.24131,35.51778],[138.2379,35.40843],[138.22658,35.36756],[138.23588,35.30369],[138.26229,35.29376],[138.30461,35.3019],[138.34296,35.29206],[138.37494,35.2038],[138.41897,35.16512],[138.44336,35.15698],[138.47235,35.16168],[138.50713,35.19429],[138.50569,35.29423],[138.52326,35.38136],[138.53395,35.40967],[138.55648,35.41748],[138.59323,35.3921],[138.63467,35.38112],[138.67239,35.35614],[138.6972,35.35076],[138.96457,35.38841],[138.98659,35.38115],[139.00028,35.29056],[138.97062,35.24976],[138.97356,35.20496],[139.01935,35.14116],[139.09443,35.11747]]]}},{"type":"Feature","properties":{"pref":23,"code":"23","name":"愛知県"},"geometry":{"type":"Polygon","coordinates":[[[137.4679,34.67097],[137.3397,34.64745],[137.14073,34.58929],[137.09582,34.59323],[137.0161,34.57879],[137.04249,34.61758],[137.05222,34.6468],[137.07283,34.6646],[137.11085,34.62543],[137.12102,34.63766],[137.25972,34.70414],[137.28226,34.73118],[137.29823,34.72822],[137.29568,34.6912],[137.30345,34.68943],[137.30926,34.72566],[137.33259,34.72034],[137.34082,34.72654],[137.31234,34.73668],[137.32154,34.77338],[137.27996,34.80809],[137.26651,34.80314],[137.22283,34.81626],[137.20772,34.80258],[137.19443,34.807],[137.18874,34.77011],[137.17084,34.76387],[137.17147,34.78405],[137.12155,34.78834],[137.08745,34.77603],[137.07271,34.78496],[137.05017,34.77761],[137.01825,34.78329],[136.97663,34.82551],[136.95823,34.83235],[136.9826,34.89826],[136.97885,34.92422],[136.931,34.84642],[136.91556,34.77596],[136.93727,34.74604],[136.96265,34.73496],[136.9715,34.69641],[136.94539,34.69847],[136.85597,34.73981],[136.84459,34.75255],[136.84289,34.76908],[136.86426,34.83653],[136.84342,34.87116],[136.82773,34.87194],[136.82347,34.95486],[136.87986,35.04384],[136.88573,35.08919],[136.87182,35.0934],[136.84886,35.03947],[136.84315,35.07504],[136.83012,35.07883],[136.83933,35.03252],[136.81302,35.02739],[136.80896,35.04883],[136.79947,35.04856],[136.7979,35.02407],[136.7518,35.02615],[136.67345,35.13881],[136.68006,35.23638],[136.76099,35.34751],[136.7706,35.35211],[136.78982,35.34084],[136.80594,35.34206],[136.84873,35.36009],[136.95291,35.38414],[137.01312,35.35443],[137.07084,35.28493],[137.11461,35.27237],[137.16861,35.24219],[137.19962,35.24123],[137.2639,35.26622],[137.2932,35.26777],[137.36984,35.23715],[137.39175,35.22067],[137.42203,35.21599],[137.54786,35.27035],[137.53872,35.23718],[137.55561,35.20193],[137.57515,35.18816],[137.61675,35.19266],[137.66238,35.20901],[137.80557,35.19452],[137.79612,35.13646],[137.77023,35.08117],[137.68486,35.00252],[137.67044,34.94722],[137.63334,34.91172],[137.61799,34.87927],[137.57189,34.84097],[137.51195,34.82622],[137.48844,34.80976],[137.46668,34.75245],[137.4679,34.67097]]]}},{"type":"Feature","properties":{"pref":24,"code":"24","name":"三重県"},"geometry":{"type":"Polygon","coordinates":[[[136.7518,35.02615],[136.7256,35.02725],[136.65919,34.98395],[136.64243,34.94807],[136.66167,34.94051],[136.64555,34.92979],[136.64826,34.9116],[136.63932,34.88905],[136.61612,34.8535],[136.53494,34.7657],[136.51954,34.68085],[136.5464,34.6516],[136.54005,34.61571],[136.55104,34.602],[136.63299,34.59113],[136.67709,34.55427],[136.75229,34.51333],[136.81446,34.48603],[136.85231,34.48554],[136.88331,34.43757],[136.91603,34.43399],[136.92579,34.41291],[136.91676,34.37617],[136.89308,34.38239],[136.87526,34.36933],[136.88722,34.35708],[136.90992,34.35505],[136.88331,34.32832],[136.8978,34.30097],[136.89568,34.26691],[136.83546,34.24641],[136.7942,34.25312],[136.77516,34.26187],[136.77345,34.2731],[136.80926,34.27387],[136.84165,34.25947],[136.83546,34.2805],[136.84848,34.2731],[136.85621,34.29418],[136.84645,34.30756],[136.80747,34.30785],[136.80747,34.28734],[136.77345,34.30785],[136.7566,34.29609],[136.70265,34.29515],[136.7234,34.33129],[136.7068,34.3343],[136.64991,34.31411],[136.66814,34.30956],[136.667,34.29792],[136.60808,34.26459],[136.59254,34.26264],[136.57407,34.2805],[136.56056,34.25947],[136.52296,34.2731],[136.50587,34.24641],[136.51482,34.2298],[136.47169,34.23896],[136.41652,34.20425],[136.38429,34.20425],[136.33668,34.18403],[136.299,34.15428],[136.29705,34.12568],[136.31902,34.10883],[136.30844,34.09003],[136.28346,34.08129],[136.2527,34.10859],[136.21852,34.07514],[136.21852,34.06761],[136.24383,34.06415],[136.2527,34.04344],[136.2798,34.01732],[136.2732,33.97142],[136.25864,33.96589],[136.24732,33.9715],[136.23219,33.99315],[136.20485,33.97142],[136.20485,33.96524],[136.22755,33.96174],[136.23471,33.94843],[136.22853,33.93838],[136.21111,33.94477],[136.1989,33.92089],[136.16481,33.91616],[136.13697,33.89057],[136.10474,33.89141],[136.06932,33.84704],[135.99374,33.68626],[135.9508,33.70394],[135.86316,33.78708],[135.84683,33.81742],[135.84766,33.83814],[135.87541,33.8508],[135.89138,33.88269],[135.91515,33.88873],[135.95752,33.91796],[136.01757,34.00485],[136.09777,34.01165],[136.10149,34.01847],[136.08578,34.04996],[136.1094,34.12624],[136.10723,34.18939],[136.1187,34.24114],[136.10087,34.28344],[136.10769,34.3007],[136.0739,34.36354],[136.07121,34.39382],[136.0956,34.42002],[136.17751,34.43862],[136.20267,34.45883],[136.2112,34.4864],[136.20252,34.50151],[136.17146,34.50937],[136.15363,34.53384],[136.1142,34.53639],[136.05989,34.56285],[136.05245,34.57458],[136.05834,34.61913],[136.03819,34.63716],[136.07235,34.65631],[136.05912,34.70253],[136.03648,34.71535],[136.0031,34.77369],[136.08196,34.80093],[136.11281,34.83312],[136.10041,34.8542],[136.10211,34.86506],[136.11265,34.87105],[136.2405,34.86312],[136.34261,34.8927],[136.38158,34.9264],[136.40721,34.96688],[136.44318,35.13184],[136.39879,35.20261],[136.51516,35.23191],[136.52834,35.22943],[136.58467,35.17439],[136.67345,35.13881],[136.7518,35.02615]]]}},{"type":"Feature","properties":{"pref":25,"code":"25","name":"滋賀県"},"geometry":{"type":"Polygon","coordinates":[[[136.2573,35.64563],[136.28923,35.60015],[136.29797,35.56398],[136.31238,35.54168],[136.32602,35.53295],[136.35936,35.53385],[136.39739,35.45277],[136.40762,35.3934],[136.39398,35.31862],[136.37538,35.26632],[136.37615,35.23149],[136.44318,35.13184],[136.40721,34.96688],[136.36246,34.90583],[136.31161,34.87929],[136.2405,34.86312],[136.11265,34.87105],[136.10211,34.86506],[136.10041,34.8542],[136.11281,34.83312],[136.08196,34.80093],[136.0031,34.77369],[136.00196,34.79292],[135.98853,34.81361],[135.94321,34.83984],[135.92889,34.8603],[135.87355,34.86811],[135.85882,34.88007],[135.85355,34.93404],[135.81458,35.00109],[135.8366,35.12075],[135.81877,35.21237],[135.82699,35.2633],[135.74286,35.33758],[135.81753,35.38469],[135.87649,35.38159],[135.90099,35.41378],[135.93096,35.50264],[135.97954,35.48042],[136.01571,35.50331],[136.08082,35.51429],[136.09576,35.55848],[136.13549,35.55793],[136.14635,35.58214],[136.12444,35.64935],[136.12774,35.66353],[136.16727,35.67501],[136.2573,35.64563]]]}},{"type":"Feature","properties":{"pref":26,"code":"26","name":"京都府"},"geometry":{"type":"Polygon","coordinates":[[[134.86325,35.65828],[134.88097,35.65732],[134.88505,35.64591],[134.92701,35.64118],[134.96372,35.66104],[134.95962,35.67375],[134.98794,35.68978],[135.02903,35.69287],[135.08578,35.72598],[135.08412,35.73902],[135.22685,35.77232],[135.25066,35.75782],[135.29249,35.71166],[135.30616,35.67154],[135.29933,35.6579],[135.27921,35.66853],[135.25883,35.65683],[135.24239,35.62264],[135.18818,35.56505],[135.18832,35.54526],[135.20667,35.54147],[135.20808,35.55905],[135.24823,35.59169],[135.25343,35.57128],[135.27091,35.56292],[135.23982,35.55796],[135.23874,35.54203],[135.30152,35.51324],[135.32444,35.52445],[135.33549,35.50821],[135.31528,35.46678],[135.31902,35.44697],[135.35252,35.48698],[135.39487,35.47647],[135.40235,35.48216],[135.40235,35.50703],[135.37379,35.5017],[135.35022,35.51031],[135.3378,35.53748],[135.36134,35.55418],[135.41603,35.56167],[135.43948,35.59057],[135.46322,35.60333],[135.45239,35.57178],[135.48294,35.5592],[135.47641,35.53954],[135.44184,35.51773],[135.43931,35.50889],[135.45347,35.48042],[135.44742,35.45207],[135.51879,35.37345],[135.68829,35.33035],[135.74286,35.33758],[135.82699,35.2633],[135.81877,35.21237],[135.8366,35.12075],[135.81458,35.00109],[135.85355,34.93404],[135.85882,34.88007],[135.87355,34.86811],[135.92889,34.8603],[135.94321,34.83984],[135.98853,34.81361],[136.03648,34.71535],[136.0292,34.70362],[136.00884,34.69592],[135.93204,34.72393],[135.90988,34.72419],[135.84921,34.69866],[135.83226,34.69912],[135.75268,34.72625],[135.70627,34.75953],[135.7148,34.78532],[135.70844,34.81116],[135.64638,34.89919],[135.59796,34.91973],[135.58276,34.94655],[135.57439,34.95053],[135.5607,34.94035],[135.56375,34.91596],[135.53822,34.90978],[135.48592,34.93813],[135.44401,34.98371],[135.36335,34.99745],[135.34195,35.01481],[135.33864,35.03019],[135.39704,35.06427],[135.39642,35.08788],[135.37916,35.10788],[135.34392,35.12917],[135.30454,35.12866],[135.27441,35.15217],[135.22485,35.15713],[135.20129,35.17008],[135.17183,35.2087],[135.15928,35.23956],[135.14703,35.2472],[135.07778,35.23356],[135.02755,35.25216],[134.99029,35.27769],[134.9367,35.29379],[134.92094,35.31821],[134.93025,35.3796],[134.94952,35.38652],[134.99489,35.36689],[135.01484,35.36611],[135.04476,35.395],[135.0505,35.41639],[135.04383,35.50269],[135.02383,35.51887],[134.95355,35.49688],[134.91087,35.51282],[134.86772,35.5707],[134.86325,35.65828]]]}},{"type":"Feature","properties":{"pref":27,"code":"27","name":"大阪府"},"geometry":{"type":"Polygon","coordinates":[[[135.08527,34.29918],[135.10503,34.31812],[135.20899,34.34228],[135.25656,34.37676],[135.37256,34.48451],[135.37321,34.51893],[135.391,34.52365],[135.40832,34.54098],[135.41578,34.60961],[135.40359,34.65891],[135.41293,34.69208],[135.44851,34.7292],[135.43316,34.79385],[135.43983,34.90371],[135.3989,34.9241],[135.36676,34.95342],[135.36335,34.99745],[135.44401,34.98371],[135.48592,34.93813],[135.53822,34.90978],[135.56375,34.91596],[135.55713,34.93291],[135.57439,34.95053],[135.59796,34.91973],[135.64638,34.89919],[135.70844,34.81116],[135.7148,34.78532],[135.66762,34.67489],[135.64653,34.60107],[135.62204,34.55342],[135.66514,34.49306],[135.67402,34.46415],[135.66545,34.38111],[135.64684,34.37175],[135.60106,34.3685],[135.50887,34.33088],[135.45688,34.33465],[135.18847,34.2743],[135.09974,34.2805],[135.08527,34.29918]]]}},{"type":"Feature","properties":{"pref":28,"code":"28","name":"兵庫県"},"geometry":{"type":"MultiPolygon","coordinates":[[[[134.36558,35.59996],[134.37649,35.61118],[134.46622,35.63756],[134.53699,35.6722],[134.59021,35.65943],[134.7983,35.66564],[134.83414,35.65715],[134.84235,35.64537],[134.86325,35.65828],[134.86772,35.5707],[134.91087,35.51282],[134.95355,35.49688],[135.02383,35.51887],[135.04383,35.50269],[135.0505,35.41639],[135.04476,35.395],[135.01484,35.36611],[134.99489,35.36689],[134.94952,35.38652],[134.93025,35.3796],[134.92094,35.31821],[134.92678,35.30237],[135.07778,35.23356],[135.12698,35.24798],[135.15271,35.24477],[135.20129,35.17008],[135.22485,35.15713],[135.27441,35.15217],[135.30454,35.12866],[135.34392,35.12917],[135.38908,35.10018],[135.40086,35.07683],[135.39704,35.06427],[135.33864,35.03019],[135.33864,35.02197],[135.36335,34.99745],[135.36676,34.95342],[135.3989,34.9241],[135.43983,34.90371],[135.43254,34.81617],[135.44851,34.7292],[135.44246,34.71612],[135.41293,34.69208],[135.38121,34.68126],[135.34127,34.70851],[135.28686,34.70544],[135.2873,34.67997],[135.25361,34.677],[135.25489,34.70091],[135.22007,34.69077],[135.24235,34.65075],[135.2109,34.65518],[135.2044,34.67726],[135.18603,34.67491],[135.18398,34.65116],[135.04577,34.62497],[135.01685,34.64216],[134.9603,34.64362],[134.93703,34.66737],[134.83334,34.72138],[134.80047,34.7309],[134.7444,34.76655],[134.6963,34.77619],[134.56691,34.76655],[134.54908,34.77326],[134.51905,34.75971],[134.49586,34.76455],[134.49122,34.78706],[134.42286,34.72557],[134.38136,34.73981],[134.35776,34.72736],[134.35402,34.70515],[134.30464,34.70911],[134.31638,34.74408],[134.31065,34.77033],[134.28863,34.79953],[134.25974,34.82134],[134.2568,34.83586],[134.26393,34.87286],[134.25866,34.93655],[134.26362,35.00097],[134.31328,35.04101],[134.36263,35.11104],[134.3941,35.1407],[134.38821,35.18752],[134.39565,35.22922],[134.44847,35.21868],[134.49218,35.24434],[134.51006,35.27188],[134.50614,35.32226],[134.47854,35.36187],[134.468,35.40011],[134.44444,35.43872],[134.41679,35.54419],[134.39844,35.5786],[134.36558,35.59996]]],[[[135.00268,34.60842],[135.02817,34.59101],[135.03012,34.57884],[135.00328,34.55158],[134.98414,34.50576],[134.9563,34.48488],[134.90297,34.41901],[134.89576,34.37275],[134.89968,34.34904],[134.91627,34.33828],[134.91861,34.32039],[134.95825,34.27036],[134.83386,34.22661],[134.80005,34.20075],[134.72868,34.19094],[134.72687,34.20997],[134.70216,34.2212],[134.72389,34.25263],[134.68811,34.24358],[134.66652,34.26553],[134.65717,34.2882],[134.68326,34.32823],[134.70516,34.32317],[134.72081,34.32979],[134.79896,34.44679],[134.85043,34.47574],[134.88383,34.52949],[134.93811,34.55091],[134.98133,34.6024],[135.00268,34.60842]]]]}},{"type":"Feature","properties":{"pref":29,"code":"29","name":"奈良県"},"geometry":{"type":"Polygon","coordinates":[[[136.03648,34.71535],[136.05912,34.70253],[136.07235,34.65631],[136.03819,34.63716],[136.05834,34.61913],[136.05245,34.57458],[136.05989,34.56285],[136.1142,34.53639],[136.15363,34.53384],[136.17146,34.50937],[136.20252,34.50151],[136.2112,34.4864],[136.20267,34.45883],[136.17751,34.43862],[136.0956,34.42002],[136.07121,34.39382],[136.0739,34.36354],[136.10769,34.3007],[136.10087,34.28344],[136.1187,34.24114],[136.10723,34.18939],[136.1094,34.12624],[136.08578,34.04996],[136.10149,34.01847],[136.08723,34.00945],[136.01757,34.00485],[135.95752,33.91796],[135.91515,33.88873],[135.89138,33.88269],[135.87541,33.8508],[135.84766,33.83814],[135.81727,33.87222],[135.78523,33.87904],[135.74709,33.86915],[135.68219,33.8799],[135.61858,33.85713],[135.59827,33.89013],[135.6133,33.95485],[135.60648,33.9772],[135.58473,33.99842],[135.57129,34.02852],[135.54644,34.05074],[135.54302,34.06456],[135.64002,34.19347],[135.70844,34.2129],[135.70906,34.22535],[135.69449,34.24861],[135.66281,34.28494],[135.64684,34.37175],[135.67072,34.38855],[135.67402,34.46415],[135.66514,34.49306],[135.62204,34.55342],[135.70627,34.75953],[135.75268,34.72625],[135.83226,34.69912],[135.84921,34.69866],[135.90988,34.72419],[135.93204,34.72393],[136.00884,34.69592],[136.0292,34.70362],[136.03648,34.71535]]]}},{"type":"Feature","properties":{"pref":30,"code":"30","name":"和歌山県"},"geometry":{"type":"Polygon","coordinates":[[[135.99374,33.68626],[135.98072,33.65298],[135.9616,33.64252],[135.95729,33.62572],[135.93707,33.61747],[135.93874,33.60395],[135.95987,33.59309],[135.94607,33.57781],[135.88478,33.529],[135.80918,33.50504],[135.78297,33.47289],[135.78926,33.44106],[135.77202,33.44492],[135.76002,33.43334],[135.75385,33.45158],[135.77075,33.46823],[135.76557,33.48154],[135.63754,33.49462],[135.44484,33.55085],[135.38732,33.59407],[135.39235,33.61888],[135.37501,33.64313],[135.3277,33.67119],[135.34294,33.6939],[135.40235,33.70112],[135.39161,33.71357],[135.32139,33.75292],[135.3121,33.76553],[135.29402,33.76372],[135.26435,33.78132],[135.23258,33.782],[135.22985,33.79855],[135.19646,33.81477],[135.17335,33.83832],[135.15276,33.87585],[135.11868,33.89294],[135.05886,33.88003],[135.0665,33.89641],[135.05736,33.9013],[135.07913,33.90603],[135.06956,33.93067],[135.10122,33.95444],[135.07734,33.95899],[135.07574,33.97749],[135.092,33.99204],[135.15317,34.00975],[135.16163,34.02497],[135.16277,34.03974],[135.15309,34.04857],[135.09449,34.06761],[135.11492,34.10179],[135.12867,34.10859],[135.12284,34.1371],[135.18702,34.13593],[135.18995,34.1496],[135.16586,34.18672],[135.14877,34.18561],[135.13543,34.22769],[135.11963,34.2422],[135.09267,34.25989],[135.06104,34.26728],[135.0713,34.28579],[135.08527,34.29918],[135.09974,34.2805],[135.18847,34.2743],[135.45688,34.33465],[135.50887,34.33088],[135.60106,34.3685],[135.64684,34.37175],[135.66281,34.28494],[135.69449,34.24861],[135.70906,34.22535],[135.70844,34.2129],[135.64002,34.19347],[135.54302,34.06456],[135.54644,34.05074],[135.57129,34.02852],[135.58473,33.99842],[135.60648,33.9772],[135.6133,33.95485],[135.59827,33.89013],[135.60292,33.87509],[135.60896,33.86383],[135.62824,33.85597],[135.68219,33.8799],[135.73604,33.86959],[135.78523,33.87904],[135.81727,33.87222],[135.84766,33.83814],[135.84683,33.81742],[135.86316,33.78708],[135.9508,33.70394],[135.99374,33.68626]]]}},{"type":"Feature","properties":{"pref":31,"code":"31","name":"鳥取県"},"geometry":{"type":"Polygon","coordinates":[[[133.2575,35.5362],[133.25416,35.5218],[133.26466,35.49616],[133.32963,35.4655],[133.40016,35.45429],[133.41741,35.45654],[133.44125,35.49104],[133.5256,35.52243],[133.58018,35.5336],[133.73115,35.50291],[133.91155,35.5146],[134.00838,35.53705],[134.03479,35.51936],[134.23777,35.54665],[134.28159,35.56489],[134.29387,35.58589],[134.36558,35.59996],[134.39844,35.5786],[134.41679,35.54419],[134.44444,35.43872],[134.468,35.40011],[134.47854,35.36187],[134.50614,35.32226],[134.51006,35.27188],[134.49218,35.24434],[134.44847,35.21868],[134.39565,35.22922],[134.30816,35.18664],[134.24734,35.18576],[134.17458,35.16163],[134.16445,35.16744],[134.13159,35.24279],[134.1136,35.26074],[134.08115,35.27917],[134.00663,35.28787],[133.99826,35.29841],[133.99971,35.31666],[133.98694,35.32503],[133.92907,35.3194],[133.9007,35.29239],[133.85662,35.27296],[133.82349,35.23904],[133.7558,35.28849],[133.59203,35.321],[133.57358,35.30617],[133.5447,35.24092],[133.51292,35.22095],[133.50144,35.17698],[133.44708,35.15868],[133.39716,35.15661],[133.3829,35.14176],[133.37794,35.10576],[133.36006,35.09527],[133.28947,35.07249],[133.2643,35.05063],[133.22942,35.05995],[133.12793,35.06732],[133.14762,35.12186],[133.17232,35.15783],[133.17495,35.17403],[133.16441,35.20589],[133.18751,35.22245],[133.27159,35.25583],[133.29319,35.26917],[133.2998,35.28245],[133.30388,35.38926],[133.32512,35.41613],[133.24988,35.45613],[133.22322,35.49809],[133.20084,35.51649],[133.2575,35.5362]]]}},{"type":"Feature","properties":{"pref":32,"code":"32","name":"島根県"},"geometry":{"type":"MultiPolygon","coordinates":[[[[133.12135,36.10977],[133.13543,36.08955],[133.12322,36.06293],[133.07911,36.02094],[133.08131,36.08015],[133.09352,36.10277],[133.12135,36.10977]]],[[[133.07423,36.12792],[133.08758,36.12702],[133.08717,36.11079],[133.05836,36.10318],[133.05177,36.08552],[133.05584,36.06175],[133.04493,36.05512],[133.01979,36.06061],[133.01002,36.08153],[132.99041,36.07705],[133.00408,36.04829],[132.99497,36.03824],[132.94939,36.06196],[133.03875,36.13081],[133.07423,36.12792]]],[[[131.67563,34.67214],[131.74608,34.67535],[131.85841,34.7145],[131.87376,34.75922],[131.89633,34.76293],[131.99732,34.83723],[132.03455,34.87658],[132.05388,34.87226],[132.0633,34.90749],[132.21632,35.01358],[132.2365,35.03482],[132.27084,35.04033],[132.31685,35.06235],[132.32659,35.09207],[132.37995,35.12498],[132.40809,35.17505],[132.49583,35.23246],[132.52972,35.24491],[132.53194,35.25767],[132.63868,35.29465],[132.66335,35.32954],[132.67402,35.38543],[132.67079,35.39948],[132.63114,35.41981],[132.62381,35.43107],[132.63536,35.44096],[132.74855,35.45155],[132.75474,35.45625],[132.7255,35.47078],[132.77543,35.48101],[132.83768,35.50612],[132.96974,35.517],[132.97321,35.54188],[133.03349,35.54599],[133.05177,35.57373],[133.0646,35.58027],[133.08144,35.57533],[133.09126,35.60148],[133.15647,35.56262],[133.22473,35.58295],[133.22804,35.56468],[133.30877,35.57719],[133.32602,35.56851],[133.20084,35.51649],[133.22322,35.49809],[133.24988,35.45613],[133.31696,35.42363],[133.32574,35.41148],[133.30388,35.38926],[133.2998,35.28245],[133.29319,35.26917],[133.16441,35.20589],[133.17495,35.17403],[133.17232,35.15783],[133.14762,35.12186],[133.12793,35.06732],[133.09702,35.07145],[133.0376,35.06303],[132.99398,35.08055],[132.95398,35.06923],[132.87575,35.07776],[132.85404,35.07326],[132.83916,35.06649],[132.74712,34.96221],[132.68087,34.93043],[132.64253,34.89469],[132.64144,34.88392],[132.67994,34.85625],[132.67793,34.84418],[132.66785,34.83824],[132.5091,34.78951],[132.42409,34.79974],[132.3904,34.77891],[132.35221,34.78687],[132.28937,34.7677],[132.24793,34.78294],[132.1438,34.70501],[132.15083,34.66843],[132.12334,34.62481],[132.1098,34.57755],[132.04127,34.49521],[132.05042,34.45785],[131.99161,34.41335],[131.98991,34.38617],[132.002,34.36395],[131.96226,34.33966],[131.94676,34.30605],[131.93947,34.30318],[131.90805,34.31956],[131.81266,34.29964],[131.77142,34.31426],[131.75127,34.36346],[131.77251,34.40377],[131.76847,34.41614],[131.69649,34.42898],[131.67923,34.4471],[131.68109,34.46784],[131.66714,34.49609],[131.66884,34.50978],[131.70331,34.58104],[131.68186,34.62523],[131.67563,34.67214]]],[[[133.01246,36.0148],[133.02418,36.02558],[133.04518,36.02001],[133.07911,35.99364],[133.02784,35.99364],[133.01612,36.00092],[133.01246,36.0148]]],[[[133.36703,36.27424],[133.38185,36.25772],[133.37924,36.20824],[133.3602,36.19164],[133.34352,36.20433],[133.32602,36.19164],[133.34132,36.17504],[133.32602,36.15815],[133.25636,36.16498],[133.19264,36.20596],[133.18776,36.21613],[133.1963,36.27798],[133.20948,36.29719],[133.292,36.34248],[133.29282,36.33055],[133.32016,36.32185],[133.32944,36.30492],[133.35402,36.29466],[133.36703,36.27424]]]]}},{"type":"Feature","properties":{"pref":33,"code":"33","name":"岡山県"},"geometry":{"type":"Polygon","coordinates":[[[134.30464,34.70911],[134.20875,34.72801],[134.21681,34.7119],[134.27882,34.69823],[134.2448,34.69147],[134.22023,34.66352],[134.15528,34.63687],[134.17026,34.63076],[134.18946,34.63687],[134.17726,34.61445],[134.14796,34.59699],[134.08367,34.58153],[134.04737,34.60464],[133.9944,34.60871],[133.9367,34.58723],[133.92514,34.57787],[133.92945,34.5611],[133.94256,34.55512],[134.00074,34.59447],[134.03566,34.59341],[134.04615,34.58153],[134.04567,34.56391],[134.00514,34.53384],[134.01197,34.52009],[133.98317,34.52863],[133.93629,34.45124],[133.82179,34.46214],[133.82643,34.43757],[133.79444,34.44294],[133.76889,34.48802],[133.73048,34.50699],[133.7234,34.52757],[133.71656,34.52009],[133.69996,34.52595],[133.68507,34.52009],[133.5962,34.48233],[133.57667,34.46332],[133.47006,34.42398],[133.52247,34.48306],[133.50115,34.49217],[133.44302,34.47267],[133.44698,34.51758],[133.39809,34.59319],[133.39313,34.649],[133.36548,34.7078],[133.36223,34.79271],[133.32295,34.84364],[133.31008,34.87689],[133.30414,34.9974],[133.2643,35.05063],[133.28947,35.07249],[133.37794,35.10576],[133.3829,35.14176],[133.39716,35.15661],[133.44708,35.15868],[133.50144,35.17698],[133.51292,35.22095],[133.5447,35.24092],[133.57358,35.30617],[133.59203,35.321],[133.7558,35.28849],[133.82349,35.23904],[133.85662,35.27296],[133.9007,35.29239],[133.92907,35.3194],[133.98694,35.32503],[133.99971,35.31666],[133.99826,35.29841],[134.00663,35.28787],[134.08115,35.27917],[134.1136,35.26074],[134.13159,35.24279],[134.16445,35.16744],[134.17458,35.16163],[134.24734,35.18576],[134.30816,35.18664],[134.39565,35.22922],[134.38821,35.18752],[134.3941,35.1407],[134.36263,35.11104],[134.31328,35.04101],[134.26362,35.00097],[134.25866,34.93655],[134.26393,34.87286],[134.2568,34.83586],[134.25974,34.82134],[134.28863,34.79953],[134.31065,34.77033],[134.31638,34.74408],[134.30464,34.70911]]]}},{"type":"Feature","properties":{"pref":34,"code":"34","name":"広島県"},"geometry":{"type":"MultiPolygon","coordinates":[[[[133.44302,34.47267],[133.41912,34.46792],[133.41481,34.45124],[133.42221,34.44501],[133.41245,34.42447],[133.34107,34.34805],[133.28175,34.32152],[133.26979,34.32241],[133.26466,34.33173],[133.26987,34.33918],[133.30551,34.34882],[133.31495,34.36603],[133.3047,34.37759],[133.25847,34.38231],[133.25847,34.3898],[133.27662,34.40176],[133.26661,34.4206],[133.24732,34.4265],[133.22967,34.37617],[133.18214,34.34138],[133.20192,34.32832],[133.20867,34.30781],[133.20289,34.28889],[133.18556,34.2805],[133.16098,34.29418],[133.09327,34.25263],[133.07643,34.25959],[133.07228,34.31753],[133.11402,34.35175],[133.11329,34.31411],[133.13315,34.31818],[133.14747,34.35139],[133.16847,34.35505],[133.16847,34.36249],[133.13429,34.38231],[133.09327,34.3898],[133.07911,34.38231],[133.08578,34.35102],[133.05909,34.33234],[132.91188,34.31477],[132.85304,34.28734],[132.83619,34.3111],[132.79908,34.284],[132.76222,34.27033],[132.77809,34.24274],[132.77149,34.2353],[132.70297,34.22549],[132.65626,34.19929],[132.62721,34.19798],[132.61354,34.21845],[132.56617,34.19196],[132.55445,34.19237],[132.54469,34.20425],[132.55982,34.21841],[132.50367,34.28734],[132.50904,34.31623],[132.50367,34.32832],[132.53102,34.33515],[132.51759,34.35301],[132.49684,34.36249],[132.44158,34.35],[132.40553,34.36807],[132.38347,34.36567],[132.31235,34.32697],[132.2225,34.23896],[132.24041,34.18981],[132.1606,34.21802],[132.12644,34.24876],[132.07089,34.35945],[132.06112,34.43506],[132.04127,34.49521],[132.1098,34.57755],[132.12334,34.62481],[132.15083,34.66843],[132.1438,34.70501],[132.24793,34.78294],[132.28937,34.7677],[132.35221,34.78687],[132.3904,34.77891],[132.42409,34.79974],[132.5091,34.78951],[132.66785,34.83824],[132.67793,34.84418],[132.67994,34.85625],[132.64144,34.88392],[132.64253,34.89469],[132.68087,34.93043],[132.74712,34.96221],[132.83916,35.06649],[132.87575,35.07776],[132.93879,35.06882],[132.99398,35.08055],[133.0376,35.06303],[133.09702,35.07145],[133.2643,35.05063],[133.30414,34.9974],[133.31008,34.87689],[133.32295,34.84364],[133.36223,34.79271],[133.36548,34.7078],[133.39313,34.649],[133.39809,34.59319],[133.44698,34.51758],[133.44302,34.47267]]],[[[132.55519,34.07136],[132.53224,34.0821],[132.47804,34.08047],[132.45533,34.08812],[132.51002,34.13182],[132.49684,34.15705],[132.5193,34.17438],[132.54331,34.1767],[132.55152,34.17064],[132.53785,34.15705],[132.55152,34.10859],[132.57765,34.11888],[132.58058,34.09984],[132.56984,34.07587],[132.55519,34.07136]]],[[[132.73854,34.19697],[132.7614,34.17715],[132.74,34.1599],[132.73732,34.1684],[132.68898,34.18989],[132.69516,34.20014],[132.70899,34.20332],[132.73854,34.19697]]],[[[132.92115,34.27733],[132.92848,34.284],[132.9323,34.27485],[132.91676,34.22187],[132.88307,34.20864],[132.84995,34.21516],[132.84303,34.22842],[132.84645,34.24022],[132.89715,34.25674],[132.92115,34.27733]]],[[[132.33839,34.30443],[132.34498,34.28197],[132.32553,34.26472],[132.29591,34.24323],[132.27931,34.23835],[132.26791,34.24445],[132.26726,34.25361],[132.29884,34.29222],[132.33839,34.30443]]]]}},{"type":"Feature","properties":{"pref":35,"code":"35","name":"山口県"},"geometry":{"type":"MultiPolygon","coordinates":[[[[132.24041,34.18981],[132.23894,34.14265],[132.20192,34.10859],[132.19907,34.06477],[132.21323,33.98965],[132.18149,33.95783],[132.13559,33.93842],[132.1338,33.9134],[132.16163,33.8417],[132.05592,33.77717],[132.04135,33.77627],[132.04444,33.79328],[132.06544,33.80695],[132.07846,33.83491],[132.08717,33.8251],[132.1089,33.83027],[132.11329,33.84488],[132.09946,33.87226],[132.05779,33.89525],[131.97234,33.91682],[131.94191,33.95091],[131.85206,33.99836],[131.83367,33.9947],[131.81227,33.97142],[131.82651,33.97142],[131.82651,33.96524],[131.77955,33.96967],[131.77752,33.98575],[131.8239,34.02017],[131.82277,34.02668],[131.74147,34.05622],[131.70338,34.04418],[131.68873,34.04719],[131.63347,34.02668],[131.60621,34.02668],[131.59327,34.0373],[131.58513,34.02668],[131.59742,34.00263],[131.59303,33.99168],[131.57887,33.98575],[131.56764,33.98627],[131.56227,34.00462],[131.55104,33.99942],[131.5193,34.00849],[131.48292,34.03205],[131.46901,34.02668],[131.47429,34.01398],[131.44117,33.97891],[131.42058,33.99942],[131.40968,33.98306],[131.39332,33.98575],[131.4048,34.01728],[131.40065,34.03295],[131.3899,34.03974],[131.33253,33.9621],[131.25799,33.92479],[131.24985,33.93793],[131.22584,33.935],[131.21583,33.95075],[131.17823,33.93049],[131.16027,33.9528],[131.16603,33.97712],[131.124,33.99993],[131.10316,34.03022],[131.0356,34.04798],[131.01396,34.01476],[130.93209,33.94537],[130.92629,33.92269],[130.91575,33.91399],[130.87941,33.93793],[130.88022,33.95043],[130.89943,33.94986],[130.91714,34.01091],[130.90528,34.02961],[130.91258,34.05334],[130.90391,34.06583],[130.87843,34.06786],[130.86158,34.11274],[130.87322,34.1291],[130.91114,34.15449],[130.92335,34.18378],[130.89373,34.25605],[130.87159,34.27924],[130.88624,34.30044],[130.89308,34.34349],[130.89991,34.35505],[130.94191,34.35098],[130.95476,34.36172],[131.03361,34.38179],[131.01788,34.3933],[130.95509,34.40347],[130.9463,34.3924],[130.93393,34.39598],[130.94777,34.41893],[130.9764,34.43897],[131.00285,34.42595],[131.00115,34.41486],[131.00978,34.41031],[131.03728,34.41112],[131.07472,34.42475],[131.09938,34.41328],[131.13392,34.41156],[131.1408,34.37849],[131.1727,34.36774],[131.1917,34.39365],[131.1736,34.41022],[131.17132,34.42954],[131.19272,34.42475],[131.25263,34.43739],[131.28121,34.40796],[131.24102,34.42118],[131.2295,34.41771],[131.20899,34.36933],[131.23618,34.38231],[131.32309,34.39301],[131.33473,34.41611],[131.41432,34.42398],[131.41332,34.45387],[131.46193,34.49925],[131.45476,34.51911],[131.48268,34.52757],[131.53647,34.56562],[131.55104,34.58153],[131.5573,34.61486],[131.59588,34.61685],[131.59687,34.65959],[131.61524,34.66488],[131.65642,34.65359],[131.67335,34.67093],[131.67962,34.66649],[131.68186,34.62523],[131.70341,34.57104],[131.66884,34.50978],[131.66714,34.49609],[131.68109,34.46784],[131.67923,34.4471],[131.69649,34.42898],[131.76847,34.41614],[131.77251,34.40377],[131.75127,34.36346],[131.77142,34.31426],[131.81266,34.29964],[131.90805,34.31956],[131.93947,34.30318],[131.94676,34.30605],[131.96226,34.33966],[132.002,34.36395],[131.98991,34.38617],[131.99161,34.41335],[132.05042,34.45785],[132.06112,34.43506],[132.07089,34.35945],[132.12644,34.24876],[132.1606,34.21802],[132.24041,34.18981]]],[[[132.24366,33.79328],[132.27296,33.76854],[132.18832,33.77969],[132.20875,33.80012],[132.24366,33.79328]]],[[[132.23618,33.86905],[132.21632,33.85537],[132.19337,33.89765],[132.18629,33.92121],[132.20192,33.94477],[132.22609,33.9527],[132.27947,33.94123],[132.29819,33.93049],[132.32618,33.89631],[132.37403,33.91682],[132.40122,33.91682],[132.41554,33.93793],[132.46949,33.93793],[132.43653,33.90355],[132.41896,33.90567],[132.38478,33.89419],[132.37403,33.8417],[132.33237,33.84797],[132.32862,33.87507],[132.31861,33.88329],[132.31178,33.87588],[132.29811,33.88402],[132.28452,33.86156],[132.24366,33.86156],[132.23618,33.86905]]]]}},{"type":"Feature","properties":{"pref":36,"code":"36","name":"徳島県"},"geometry":{"type":"Polygon","coordinates":[[[134.44245,34.20827],[134.46862,34.20746],[134.49524,34.22424],[134.56088,34.22142],[134.59425,34.23212],[134.60715,34.25085],[134.61109,34.23941],[134.59404,34.21381],[134.61035,34.21603],[134.64687,34.23925],[134.62718,34.20967],[134.62721,34.18793],[134.60776,34.18431],[134.64209,34.17926],[134.60519,34.11078],[134.60776,34.06761],[134.59425,34.03974],[134.59978,34.00947],[134.61164,33.99702],[134.62425,33.99758],[134.62659,34.00814],[134.63702,34.01067],[134.66292,33.96887],[134.69596,33.95189],[134.69023,33.9424],[134.70257,33.93727],[134.70289,33.90624],[134.68678,33.88622],[134.66236,33.87588],[134.64625,33.8531],[134.66082,33.84638],[134.71705,33.84797],[134.71705,33.8417],[134.68979,33.83491],[134.68979,33.82807],[134.74005,33.84028],[134.75123,33.83491],[134.66465,33.79849],[134.65187,33.78644],[134.6168,33.7826],[134.60776,33.76602],[134.57938,33.76417],[134.57066,33.73645],[134.54638,33.7325],[134.53844,33.71686],[134.4573,33.67093],[134.40402,33.65448],[134.37617,33.63566],[134.38862,33.62363],[134.35297,33.58163],[134.31235,33.57251],[134.3137,33.54308],[134.29567,33.53032],[134.19008,33.55152],[134.15484,33.60922],[134.16311,33.63428],[134.15872,33.65624],[134.13231,33.67221],[134.06017,33.67934],[134.05231,33.74843],[134.02777,33.80326],[134.01754,33.81078],[133.9547,33.81241],[133.92209,33.78636],[133.90638,33.78497],[133.81316,33.82336],[133.74334,33.82662],[133.64789,33.85566],[133.66681,33.90129],[133.66061,33.99787],[133.75714,34.05885],[133.8037,34.072],[133.82825,34.09288],[133.89992,34.10066],[133.95222,34.07368],[133.984,34.07441],[134.03412,34.09559],[134.10802,34.11223],[134.1367,34.1437],[134.1721,34.15766],[134.36015,34.16401],[134.40826,34.15704],[134.41973,34.16148],[134.44245,34.20827]]]}},{"type":"Feature","properties":{"pref":37,"code":"37","name":"香川県"},"geometry":{"type":"MultiPolygon","coordinates":[[[[133.59188,34.02381],[133.62086,34.04556],[133.64129,34.07917],[133.64601,34.16739],[133.62037,34.21166],[133.57228,34.24217],[133.55836,34.25947],[133.60922,34.23896],[133.63754,34.23359],[133.65447,34.23896],[133.67262,34.22313],[133.70143,34.23127],[133.78199,34.28828],[133.8742,34.32832],[133.89967,34.36416],[133.93702,34.37507],[133.95623,34.37397],[134.01197,34.34882],[134.04615,34.35505],[134.08131,34.34772],[134.10076,34.37617],[134.11687,34.3605],[134.12745,34.3898],[134.14357,34.39179],[134.15821,34.37494],[134.16627,34.32486],[134.19044,34.32538],[134.21681,34.35505],[134.27125,34.32307],[134.25782,34.29418],[134.32179,34.26895],[134.34352,34.25064],[134.39666,34.24946],[134.4157,34.22419],[134.44245,34.20827],[134.41973,34.16148],[134.39586,34.1542],[134.36015,34.16401],[134.1721,34.15766],[134.1367,34.1437],[134.10802,34.11223],[134.03412,34.09559],[133.984,34.07441],[133.95222,34.07368],[133.89992,34.10066],[133.82825,34.09288],[133.8037,34.072],[133.75714,34.05885],[133.66061,33.99787],[133.64665,34.01214],[133.59188,34.02381]]],[[[134.36736,34.55427],[134.36329,34.54536],[134.37428,34.51333],[134.34693,34.43081],[134.33277,34.44477],[134.30592,34.44501],[134.30592,34.45124],[134.32496,34.45368],[134.3296,34.46239],[134.32065,34.46894],[134.29908,34.46491],[134.26238,34.42089],[134.2444,34.41771],[134.24871,34.45319],[134.24318,34.46385],[134.2234,34.47236],[134.17018,34.46548],[134.16139,34.47919],[134.17172,34.48591],[134.17506,34.52009],[134.20379,34.51244],[134.27125,34.54068],[134.36736,34.55427]]],[[[134.049,34.47435],[134.03663,34.48078],[134.07203,34.49848],[134.1045,34.49026],[134.08399,34.45983],[134.049,34.47435]]]]}},{"type":"Feature","properties":{"pref":38,"code":"38","name":"愛媛県"},"geometry":{"type":"MultiPolygon","coordinates":[[[[132.6399,32.90892],[132.61842,32.90689],[132.55893,32.93675],[132.57203,32.92308],[132.52418,32.93024],[132.51735,32.90941],[132.53785,32.89582],[132.50416,32.89167],[132.49049,32.90119],[132.47227,32.93367],[132.49404,32.94893],[132.48292,32.9705],[132.50148,32.99323],[132.4715,33.04069],[132.4197,33.05192],[132.3967,33.01659],[132.3824,33.01978],[132.40792,33.06933],[132.45183,33.05288],[132.47153,33.05561],[132.48317,33.06769],[132.46274,33.06769],[132.46901,33.09577],[132.44907,33.11489],[132.47584,33.11489],[132.49008,33.13276],[132.44068,33.14228],[132.43804,33.16822],[132.45861,33.17371],[132.42366,33.19918],[132.41539,33.18928],[132.39865,33.18718],[132.39468,33.2039],[132.42012,33.20982],[132.45966,33.20401],[132.4612,33.1914],[132.4857,33.16915],[132.50508,33.18124],[132.50267,33.19874],[132.51377,33.21334],[132.54836,33.2269],[132.52449,33.24998],[132.54139,33.26256],[132.5077,33.2579],[132.48457,33.27653],[132.48474,33.29084],[132.52561,33.31466],[132.4868,33.31607],[132.42012,33.30436],[132.37867,33.31949],[132.38413,33.33088],[132.41554,33.34146],[132.42115,33.37556],[132.40235,33.36262],[132.39064,33.37499],[132.39112,33.3979],[132.40805,33.41657],[132.40805,33.42341],[132.39438,33.42341],[132.3982,33.43134],[132.42115,33.44449],[132.38111,33.46605],[132.3446,33.46716],[132.32223,33.45756],[132.3078,33.46429],[132.17974,33.40699],[132.14998,33.38917],[132.13066,33.36357],[132.10157,33.37013],[132.1103,33.38673],[132.02549,33.3449],[132.01054,33.34899],[132.09432,33.40849],[132.16658,33.4202],[132.15528,33.43705],[132.17133,33.44563],[132.22188,33.45403],[132.24069,33.46458],[132.26463,33.46407],[132.29375,33.48538],[132.41236,33.53498],[132.42848,33.54759],[132.44166,33.57294],[132.50061,33.625],[132.60174,33.66039],[132.67661,33.71564],[132.69711,33.75674],[132.69008,33.81391],[132.71237,33.90455],[132.75494,33.91032],[132.75748,33.93495],[132.77247,33.95588],[132.76986,33.99627],[132.84719,34.03996],[132.86236,34.05589],[132.91911,34.06841],[132.93034,34.09438],[132.92616,34.11167],[132.89536,34.11321],[132.8975,34.12271],[132.92878,34.11987],[132.94238,34.14126],[133.03185,34.05273],[133.07729,33.95973],[133.12701,33.93329],[133.1467,33.93154],[133.24368,33.95626],[133.24887,33.97411],[133.32261,33.99055],[133.35995,33.98271],[133.41481,33.98575],[133.511,33.96524],[133.5486,33.98094],[133.59188,34.02381],[133.64665,34.01214],[133.66061,33.99787],[133.66888,33.9278],[133.66681,33.90129],[133.64789,33.85566],[133.56025,33.85313],[133.46853,33.81928],[133.26838,33.80481],[133.22291,33.77365],[133.17883,33.77156],[133.10757,33.65919],[133.06617,33.61797],[133.04504,33.56475],[133.04256,33.52467],[133.00256,33.4753],[132.98582,33.46132],[132.95026,33.44969],[132.82025,33.45016],[132.80903,33.444],[132.80391,33.43543],[132.81585,33.38905],[132.88226,33.31631],[132.85962,33.29042],[132.78438,33.2497],[132.76826,33.22759],[132.7586,33.18823],[132.72433,33.16767],[132.68552,33.12364],[132.67328,33.12289],[132.63261,33.15198],[132.61865,33.15338],[132.61416,33.13586],[132.64827,33.06904],[132.64847,33.04581],[132.67173,33.00111],[132.67534,32.9628],[132.6694,32.94233],[132.6399,32.90892]]],[[[132.99947,34.20838],[132.96388,34.19188],[132.95485,34.19819],[132.9629,34.21845],[132.9909,34.23212],[132.98732,34.24885],[132.96974,34.25263],[133.01002,34.29125],[133.03004,34.29532],[133.05568,34.24238],[133.05177,34.22232],[133.03484,34.20734],[132.99947,34.20838]]],[[[132.64137,34.01407],[132.63445,33.96483],[132.60043,33.9499],[132.58912,33.95645],[132.58693,33.96967],[132.59637,33.98094],[132.64137,34.01407]]],[[[133.09352,34.1743],[133.10174,34.17097],[133.09441,34.16039],[133.04518,34.11839],[133.02784,34.11156],[133.0171,34.11884],[133.02003,34.14964],[133.03679,34.15327],[133.02622,34.17617],[133.03305,34.1894],[133.05543,34.19355],[133.09352,34.1743]]]]}},{"type":"Feature","properties":{"pref":39,"code":"39","name":"高知県"},"geometry":{"type":"Polygon","coordinates":[[[134.29567,33.53032],[134.24463,33.46075],[134.21453,33.37661],[134.19026,33.24833],[134.17653,33.23613],[134.14176,33.29179],[134.10622,33.29433],[134.10796,33.31492],[134.04005,33.3841],[134.02554,33.4154],[133.96876,33.4357],[133.94215,33.45888],[133.92521,33.49369],[133.76305,33.51978],[133.7394,33.53751],[133.60773,33.51583],[133.58931,33.50193],[133.46591,33.45432],[133.45037,33.43085],[133.45509,33.4147],[133.43971,33.40168],[133.365,33.3876],[133.32309,33.3513],[133.32602,33.3688],[133.31235,33.37556],[133.26938,33.34687],[133.25457,33.32624],[133.25847,33.30671],[133.25196,33.29475],[133.26938,33.25235],[133.25847,33.24213],[133.25327,33.21906],[133.21534,33.1875],[133.22543,33.15908],[133.20976,33.15104],[133.20384,33.16262],[133.19015,33.16332],[133.16503,33.1372],[133.09712,33.04811],[133.09776,33.02347],[133.08985,33.01927],[133.05285,33.0395],[133.01826,33.02402],[132.99441,32.94899],[133.00929,32.90347],[133.00245,32.86933],[132.98991,32.86258],[132.96106,32.8641],[132.95548,32.81462],[133.01735,32.75788],[133.02801,32.72065],[133.00221,32.71166],[132.98439,32.71963],[132.9568,32.75861],[132.91505,32.77798],[132.89283,32.77424],[132.88111,32.75239],[132.87208,32.76874],[132.85841,32.7696],[132.81219,32.7403],[132.79152,32.74067],[132.75758,32.75239],[132.7114,32.78952],[132.66464,32.77887],[132.62766,32.75209],[132.6199,32.77299],[132.62338,32.7995],[132.70916,32.90941],[132.6399,32.90892],[132.67328,32.95228],[132.67173,33.00111],[132.65312,33.03395],[132.64827,33.06904],[132.61385,33.14501],[132.61865,33.15338],[132.63261,33.15198],[132.66098,33.12937],[132.68552,33.12364],[132.72433,33.16767],[132.7586,33.18823],[132.76826,33.22759],[132.78438,33.2497],[132.87668,33.30272],[132.87812,33.32636],[132.81585,33.38905],[132.80391,33.43543],[132.80903,33.444],[132.82025,33.45016],[132.95026,33.44969],[132.98582,33.46132],[133.00256,33.4753],[133.04256,33.52467],[133.04504,33.56475],[133.06617,33.61797],[133.10757,33.65919],[133.17883,33.77156],[133.22291,33.77365],[133.26838,33.80481],[133.4941,33.82458],[133.56025,33.85313],[133.64789,33.85566],[133.74334,33.82662],[133.81316,33.82336],[133.90638,33.78497],[133.92209,33.78636],[133.9547,33.81241],[134.01754,33.81078],[134.02777,33.80326],[134.05231,33.74843],[134.06017,33.67934],[134.13231,33.67221],[134.15872,33.65624],[134.16311,33.63428],[134.15484,33.60922],[134.19008,33.55152],[134.29567,33.53032]]]}},{"type":"Feature","properties":{"pref":40,"code":"40","name":"福岡県"},"geometry":{"type":"Polygon","coordinates":[[[130.03627,33.45759],[130.04463,33.48574],[130.05529,33.49523],[130.10385,33.51191],[130.11526,33.50895],[130.16798,33.53408],[130.17416,33.54686],[130.12989,33.54003],[130.12037,33.54316],[130.11793,33.55683],[130.09693,33.56171],[130.09303,33.57343],[130.10914,33.58975],[130.13942,33.59467],[130.15666,33.60651],[130.15955,33.6296],[130.19777,33.63361],[130.20801,33.66508],[130.2365,33.64423],[130.22716,33.63484],[130.23138,33.61885],[130.25148,33.60798],[130.27192,33.61167],[130.27545,33.60337],[130.26543,33.58858],[130.29029,33.57421],[130.31531,33.59736],[130.39087,33.60487],[130.4075,33.65047],[130.39869,33.66913],[130.34897,33.64113],[130.2949,33.66435],[130.28926,33.68155],[130.29428,33.68924],[130.30497,33.68744],[130.31061,33.67262],[130.32412,33.66489],[130.3455,33.66247],[130.38649,33.67723],[130.42872,33.71369],[130.44459,33.71821],[130.46767,33.74356],[130.46676,33.78035],[130.44801,33.78994],[130.44956,33.80223],[130.47218,33.81753],[130.48894,33.85537],[130.50758,33.84907],[130.54819,33.88076],[130.63307,33.88247],[130.69239,33.93732],[130.73151,33.93185],[130.75605,33.94368],[130.82823,33.93959],[130.82134,33.92029],[130.86142,33.92557],[130.88085,33.89594],[130.89698,33.88931],[130.92604,33.89908],[130.94947,33.93819],[130.97657,33.95737],[131.00715,33.96605],[131.01869,33.95626],[131.01531,33.93513],[130.99293,33.89767],[131.00177,33.88723],[130.99983,33.87386],[130.98461,33.87396],[130.99068,33.85683],[130.96357,33.83324],[130.96168,33.81623],[130.98551,33.80867],[131.00695,33.81309],[131.00978,33.74616],[131.08131,33.63496],[131.10298,33.62425],[131.20089,33.61271],[131.17518,33.58333],[131.18112,33.53594],[131.14949,33.49566],[131.12448,33.49015],[131.06428,33.49811],[130.98067,33.49579],[130.93798,33.47734],[130.88584,33.4254],[130.83711,33.33975],[130.843,33.2944],[130.82626,33.23299],[130.85602,33.14299],[130.83473,33.08093],[130.72864,33.13446],[130.68518,33.14005],[130.63588,33.10428],[130.56369,33.09168],[130.50824,33.04946],[130.49899,33.03398],[130.49822,33.00023],[130.42916,32.98052],[130.42067,33.08759],[130.37941,33.10786],[130.36476,33.14033],[130.34936,33.14205],[130.34675,33.17991],[130.36665,33.19978],[130.38122,33.23645],[130.4236,33.25911],[130.45336,33.26471],[130.48395,33.31481],[130.53191,33.33789],[130.53641,33.37698],[130.52664,33.41424],[130.50669,33.42354],[130.4869,33.41961],[130.41429,33.38654],[130.36587,33.42085],[130.25895,33.46798],[130.03627,33.45759]]]}},{"type":"Feature","properties":{"pref":41,"code":"41","name":"佐賀県"},"geometry":{"type":"Polygon","coordinates":[[[129.81454,33.33125],[129.82716,33.29389],[129.85157,33.28002],[129.84133,33.31598],[129.8463,33.34797],[129.87103,33.37818],[129.86186,33.39005],[129.86866,33.39745],[129.81639,33.4261],[129.78726,33.45452],[129.80425,33.48182],[129.81844,33.48421],[129.84889,33.44245],[129.86207,33.437],[129.87135,33.44294],[129.84395,33.48122],[129.83684,33.51325],[129.85458,33.53285],[129.85319,33.5525],[129.86879,33.5394],[129.88583,33.53584],[129.91006,33.54721],[129.94215,33.53168],[129.96127,33.51276],[129.94121,33.47954],[129.95333,33.47366],[129.96265,33.48261],[129.96687,33.46303],[129.98895,33.44885],[130.01686,33.44579],[130.03627,33.45759],[130.25895,33.46798],[130.36587,33.42085],[130.41429,33.38654],[130.4869,33.41961],[130.5193,33.42085],[130.53641,33.37698],[130.53191,33.33789],[130.48395,33.31481],[130.45336,33.26471],[130.4236,33.25911],[130.38122,33.23645],[130.36665,33.19978],[130.34675,33.17991],[130.34936,33.14205],[130.29044,33.14959],[130.2414,33.18823],[130.2193,33.15947],[130.15089,33.11188],[130.12757,33.12094],[130.16049,33.0541],[130.22231,32.97521],[130.21915,32.95506],[130.20426,32.95087],[130.2041,32.94357],[130.05954,32.97323],[129.92518,33.06878],[129.91541,33.08674],[129.93541,33.10741],[129.93014,33.13209],[129.91934,33.14428],[129.86218,33.15986],[129.815,33.18596],[129.75945,33.2682],[129.7641,33.28823],[129.81454,33.33125]]]}},{"type":"Feature","properties":{"pref":42,"code":"42","name":"長崎県"},"geometry":{"type":"MultiPolygon","coordinates":[[[[130.2041,32.94357],[130.20379,32.9289],[130.18854,32.91532],[130.1636,32.90929],[130.10532,32.87592],[130.15364,32.84246],[130.195,32.84494],[130.24359,32.87528],[130.30729,32.8763],[130.33942,32.85658],[130.37224,32.7934],[130.37578,32.74788],[130.35094,32.70406],[130.36083,32.68796],[130.3417,32.66726],[130.30558,32.65143],[130.26823,32.65036],[130.25392,32.62482],[130.23651,32.62248],[130.23155,32.61001],[130.16599,32.59296],[130.17305,32.60363],[130.16956,32.61909],[130.12946,32.64113],[130.12813,32.68387],[130.15351,32.6862],[130.19013,32.71411],[130.21031,32.73325],[130.20759,32.75216],[130.18682,32.76207],[130.19023,32.78348],[130.17843,32.79292],[130.12622,32.78887],[130.09379,32.79486],[130.06417,32.78481],[130.03241,32.75935],[129.99081,32.74692],[129.97038,32.74456],[129.95851,32.76478],[129.94933,32.75766],[129.95489,32.74517],[129.89493,32.66269],[129.85545,32.64009],[129.84128,32.63942],[129.83229,32.61581],[129.78583,32.58311],[129.78291,32.5735],[129.76315,32.57998],[129.74035,32.56844],[129.73401,32.58092],[129.78298,32.60742],[129.8145,32.66255],[129.81808,32.67744],[129.81387,32.68338],[129.80325,32.678],[129.79692,32.69225],[129.82595,32.70481],[129.83438,32.69412],[129.85906,32.72451],[129.82379,32.72198],[129.82399,32.73607],[129.80372,32.77228],[129.77866,32.791],[129.77101,32.81395],[129.75451,32.81848],[129.73271,32.80557],[129.72104,32.82707],[129.68702,32.8548],[129.66969,32.90498],[129.63843,32.92655],[129.6324,32.97911],[129.65352,33.00425],[129.65186,33.03356],[129.66066,33.0397],[129.66342,33.06902],[129.68161,33.09409],[129.7202,33.07897],[129.73471,33.06025],[129.73471,33.04662],[129.75015,33.05704],[129.75967,33.04789],[129.73863,33.01912],[129.74166,32.99103],[129.76633,33.01795],[129.79696,33.01006],[129.82328,32.97954],[129.81384,32.9618],[129.81467,32.92266],[129.80668,32.9147],[129.79567,32.94779],[129.78695,32.94781],[129.78994,32.91225],[129.8038,32.90246],[129.80748,32.88594],[129.7944,32.87492],[129.84544,32.83831],[129.8687,32.85301],[129.88321,32.87569],[129.98788,32.84171],[130.00315,32.84538],[129.93122,32.92889],[129.92972,32.95764],[129.9476,32.99506],[129.94562,33.01576],[129.88144,33.06276],[129.82386,33.04312],[129.82236,33.06268],[129.79752,33.07731],[129.77495,33.05831],[129.74648,33.06559],[129.73323,33.10163],[129.7492,33.09813],[129.74629,33.1249],[129.76015,33.12982],[129.75868,33.13894],[129.74773,33.13952],[129.72853,33.1223],[129.72286,33.1584],[129.70976,33.16257],[129.70411,33.1118],[129.68075,33.11488],[129.66652,33.10126],[129.66233,33.12651],[129.6836,33.13105],[129.68702,33.14224],[129.67433,33.16022],[129.65284,33.17015],[129.65268,33.19025],[129.64552,33.19746],[129.61744,33.19465],[129.5901,33.21113],[129.56414,33.21113],[129.55214,33.22584],[129.56534,33.27207],[129.5915,33.28341],[129.57147,33.32064],[129.58041,33.37101],[129.59241,33.38112],[129.62062,33.35928],[129.64438,33.36237],[129.67318,33.39854],[129.6796,33.38967],[129.67687,33.36242],[129.70101,33.35301],[129.74416,33.36431],[129.80747,33.34813],[129.81454,33.33125],[129.7641,33.28823],[129.75945,33.2682],[129.815,33.18596],[129.86218,33.15986],[129.91934,33.14428],[129.93014,33.13209],[129.93541,33.10741],[129.91541,33.08674],[129.92518,33.06878],[130.05954,32.97323],[130.2041,32.94357]]],[[[128.87843,32.67392],[128.89926,32.64252],[128.81772,32.63459],[128.81549,32.64681],[128.79322,32.65249],[128.77963,32.6468],[128.77223,32.6319],[128.79496,32.61009],[128.7902,32.58639],[128.77311,32.57167],[128.73604,32.60349],[128.66285,32.60155],[128.65263,32.59107],[128.60044,32.61418],[128.62428,32.6673],[128.63185,32.66987],[128.63868,32.63516],[128.65268,32.66791],[128.65349,32.69961],[128.64226,32.72801],[128.6504,32.74453],[128.64177,32.76138],[128.66082,32.78278],[128.67905,32.7829],[128.69965,32.74377],[128.77922,32.77663],[128.78412,32.78818],[128.80849,32.79991],[128.81056,32.76606],[128.8423,32.75947],[128.84978,32.74274],[128.84207,32.70386],[128.87843,32.67392]]],[[[129.09799,32.98827],[129.10971,32.9829],[129.16963,33.00582],[129.18281,32.98469],[129.17595,32.96699],[129.10035,32.91901],[129.09055,32.89148],[129.09848,32.87515],[129.09657,32.85694],[129.06792,32.86118],[129.0615,32.84838],[129.0687,32.83918],[129.06495,32.81782],[129.04572,32.82209],[129.04041,32.86273],[129.04782,32.90997],[129.03305,32.93334],[128.97942,32.94761],[128.98146,32.96035],[129.02042,32.98063],[129.03504,32.9674],[129.05445,32.97932],[129.04258,33.00016],[129.04862,33.0396],[129.06521,33.04395],[129.06765,33.01912],[129.08399,33.02338],[129.08587,33.07621],[129.10172,33.08297],[129.10662,33.10119],[129.09626,33.12538],[129.10818,33.16669],[129.11767,33.15886],[129.10859,33.12242],[129.12391,33.10917],[129.10271,33.05449],[129.09799,32.98827]]],[[[129.55568,33.41081],[129.56216,33.36639],[129.52753,33.32348],[129.53832,33.3156],[129.50115,33.28003],[129.4931,33.24516],[129.44661,33.19852],[129.41259,33.17832],[129.37602,33.16972],[129.3425,33.17962],[129.34987,33.21347],[129.38478,33.18349],[129.40651,33.19404],[129.37766,33.21464],[129.39396,33.23953],[129.41677,33.23693],[129.40641,33.27495],[129.43727,33.29668],[129.44266,33.34807],[129.49513,33.3583],[129.50831,33.38209],[129.52292,33.36838],[129.53931,33.37949],[129.52346,33.39057],[129.52532,33.40493],[129.55568,33.41081]]],[[[129.77638,33.77342],[129.79957,33.76484],[129.79965,33.75104],[129.78387,33.73819],[129.73506,33.73674],[129.72104,33.69774],[129.67729,33.7291],[129.68116,33.74422],[129.67076,33.75014],[129.65713,33.74256],[129.64666,33.77277],[129.68702,33.75918],[129.68702,33.76602],[129.66028,33.78359],[129.65693,33.81545],[129.6784,33.81493],[129.67314,33.83222],[129.68865,33.87115],[129.70069,33.86156],[129.76726,33.84455],[129.76679,33.8021],[129.79689,33.78644],[129.77638,33.77969],[129.77638,33.77342]]],[[[129.31253,34.27976],[129.31678,34.29447],[129.3471,34.28698],[129.31808,34.25835],[129.3248,34.22925],[129.29746,34.21866],[129.30258,34.20929],[129.29721,34.17048],[129.28374,34.15751],[129.27659,34.12911],[129.2483,34.09993],[129.23586,34.10076],[129.22042,34.08888],[129.19031,34.11481],[129.17163,34.10681],[129.1805,34.22722],[129.18926,34.23423],[129.19854,34.31623],[129.20736,34.32928],[129.22846,34.32078],[129.22405,34.29344],[129.27529,34.3076],[129.26893,34.32246],[129.2802,34.32287],[129.30246,34.30779],[129.30144,34.2881],[129.31253,34.27976]]],[[[129.45265,34.61945],[129.4782,34.59711],[129.46424,34.55427],[129.44608,34.51478],[129.40233,34.48165],[129.37947,34.45262],[129.38429,34.42402],[129.36183,34.40549],[129.35946,34.39062],[129.39318,34.4108],[129.38431,34.38342],[129.38815,34.36676],[129.40797,34.35158],[129.40076,34.33792],[129.38605,34.33126],[129.36824,34.30743],[129.34383,34.30031],[129.32451,34.30459],[129.30546,34.32488],[129.32091,34.33385],[129.34506,34.32724],[129.347,34.35585],[129.3346,34.36059],[129.3162,34.3425],[129.3051,34.34321],[129.30932,34.3844],[129.28744,34.36577],[129.2934,34.34908],[129.28636,34.34401],[129.27199,34.35622],[129.22891,34.3556],[129.23538,34.36813],[129.27235,34.3757],[129.26857,34.43305],[129.27709,34.44153],[129.29169,34.44076],[129.31087,34.46051],[129.3089,34.46684],[129.28073,34.45065],[129.27604,34.46219],[129.30493,34.52029],[129.32612,34.53544],[129.30846,34.56039],[129.29095,34.55607],[129.28911,34.56987],[129.30336,34.58688],[129.3233,34.64807],[129.37834,34.64485],[129.40966,34.67517],[129.42575,34.6778],[129.41823,34.68539],[129.42331,34.69507],[129.46456,34.70081],[129.48775,34.6764],[129.46912,34.65256],[129.4878,34.64601],[129.48828,34.63568],[129.48091,34.61991],[129.45265,34.61945]]],[[[128.89975,32.81831],[128.90724,32.79401],[128.88234,32.76529],[128.8401,32.77757],[128.83725,32.83381],[128.85694,32.83002],[128.87387,32.79873],[128.86297,32.83527],[128.89975,32.81831]]],[[[128.95314,32.87421],[128.95802,32.8415],[128.94459,32.82339],[128.94508,32.80435],[128.92058,32.82075],[128.92018,32.83503],[128.88071,32.86262],[128.89088,32.87092],[128.90895,32.86644],[128.92945,32.8498],[128.92897,32.86469],[128.93767,32.86079],[128.94654,32.88019],[128.95314,32.87421]]],[[[129.02784,32.89981],[129.0241,32.84805],[129.0066,32.86469],[128.98268,32.86225],[128.96803,32.87368],[128.96461,32.89826],[128.99562,32.89053],[128.97967,32.91649],[128.98463,32.92918],[129.00961,32.92451],[129.02784,32.89981]]],[[[129.13551,33.29987],[129.14959,33.26903],[129.12729,33.2475],[129.07504,33.25991],[129.08912,33.28327],[129.13551,33.29987]]],[[[129.55592,33.49396],[129.57342,33.49608],[129.57643,33.48835],[129.55445,33.47346],[129.52687,33.48046],[129.50318,33.4737],[129.54176,33.50731],[129.55177,33.5069],[129.55592,33.49396]]]]}},{"type":"Feature","properties":{"pref":43,"code":"43","name":"熊本県"},"geometry":{"type":"MultiPolygon","coordinates":[[[[130.34464,32.16179],[130.35865,32.17268],[130.35865,32.19066],[130.431,32.25715],[130.44402,32.28783],[130.46168,32.29995],[130.46957,32.34711],[130.47706,32.34903],[130.50318,32.32722],[130.51246,32.3382],[130.51002,32.37849],[130.54054,32.416],[130.56202,32.42707],[130.5713,32.45189],[130.56764,32.47769],[130.55047,32.49168],[130.57008,32.5056],[130.59881,32.50536],[130.56772,32.53417],[130.56471,32.54633],[130.64129,32.60749],[130.66831,32.64875],[130.46168,32.61522],[130.44801,32.62141],[130.47527,32.64704],[130.5442,32.6767],[130.56544,32.69343],[130.62599,32.70401],[130.62599,32.71141],[130.61232,32.71625],[130.59449,32.73798],[130.59376,32.7556],[130.61305,32.78124],[130.59303,32.81586],[130.47023,32.90974],[130.44125,32.92365],[130.42916,32.98052],[130.49822,33.00023],[130.49899,33.03398],[130.50824,33.04946],[130.56369,33.09168],[130.63588,33.10428],[130.68518,33.14005],[130.72864,33.13446],[130.78683,33.10051],[130.95121,33.03227],[130.97695,33.02886],[130.9909,33.0331],[131.00966,33.07953],[130.97974,33.11994],[130.97302,33.14462],[130.97757,33.16072],[131.05942,33.18061],[131.12495,33.14245],[131.20908,33.03021],[131.23466,32.9752],[131.24618,32.89386],[131.26215,32.86629],[131.3239,32.82229],[131.27052,32.8105],[131.24225,32.79327],[131.21042,32.7347],[131.11286,32.63111],[131.09503,32.57579],[131.04661,32.5645],[131.02253,32.53409],[131.00413,32.48742],[131.00005,32.46011],[131.01307,32.42229],[131.0542,32.38079],[131.08784,32.31366],[131.08092,32.28741],[131.05033,32.2462],[131.05498,32.22258],[131.07844,32.18364],[131.07591,32.15563],[131.05296,32.15323],[131.00563,32.16579],[130.9369,32.11497],[130.89685,32.12243],[130.82347,32.09215],[130.71236,32.09091],[130.61087,32.15703],[130.58979,32.16346],[130.42437,32.11342],[130.39331,32.11838],[130.34464,32.16179]]],[[[130.15309,32.20376],[130.18727,32.19636],[130.1941,32.17642],[130.16733,32.11433],[130.14926,32.1105],[130.13461,32.11799],[130.12778,32.13231],[130.13331,32.14912],[130.1111,32.19331],[130.1211,32.21263],[130.15309,32.20376]]],[[[130.41,32.51162],[130.45704,32.52558],[130.46852,32.51162],[130.43482,32.49274],[130.39283,32.39716],[130.36232,32.37499],[130.35385,32.42414],[130.32447,32.40982],[130.24195,32.39549],[130.21306,32.43651],[130.2186,32.45596],[130.2479,32.46459],[130.29029,32.49795],[130.36305,32.52709],[130.37721,32.5229],[130.38331,32.50943],[130.41,32.51162]]],[[[130.16049,32.54633],[130.18946,32.5218],[130.19899,32.48017],[130.20834,32.37328],[130.20338,32.33885],[130.19068,32.32355],[130.15773,32.31025],[130.13331,32.26512],[130.10532,32.25214],[130.07496,32.22077],[130.03688,32.19977],[129.99545,32.19066],[130.00913,32.25214],[129.95834,32.23754],[129.96127,32.25214],[130.01661,32.29312],[130.05323,32.29654],[130.0643,32.30679],[130.03028,32.31363],[130.0088,32.30589],[129.99147,32.31444],[129.97975,32.33299],[129.97657,32.36644],[129.99545,32.38866],[129.98902,32.40449],[129.9944,32.42414],[130.03028,32.48241],[130.0254,32.50214],[130.00294,32.53335],[130.04322,32.51903],[130.13982,32.54768],[130.16049,32.54633]]],[[[130.24391,32.30183],[130.26027,32.29507],[130.26303,32.28132],[130.24285,32.26309],[130.2107,32.25536],[130.21705,32.28693],[130.24391,32.30183]]],[[[130.44679,32.59683],[130.45265,32.59064],[130.45094,32.56342],[130.44581,32.55256],[130.42457,32.54682],[130.42758,32.5373],[130.40919,32.54926],[130.41139,32.57388],[130.39877,32.59317],[130.41359,32.61359],[130.43653,32.62067],[130.45289,32.61099],[130.44679,32.59683]]]]}},{"type":"Feature","properties":{"pref":44,"code":"44","name":"大分県"},"geometry":{"type":"Polygon","coordinates":[[[131.20089,33.61271],[131.25646,33.60495],[131.28383,33.58237],[131.36762,33.5748],[131.4177,33.58168],[131.47564,33.63157],[131.49856,33.66698],[131.52104,33.67637],[131.59002,33.68301],[131.62745,33.66767],[131.66737,33.66719],[131.72954,33.58024],[131.73992,33.5397],[131.72911,33.51255],[131.73729,33.48461],[131.70928,33.43264],[131.70624,33.40958],[131.69744,33.40639],[131.6587,33.42284],[131.64031,33.41657],[131.63461,33.37397],[131.60109,33.36494],[131.59623,33.3494],[131.55616,33.34638],[131.53298,33.36611],[131.50603,33.36307],[131.49839,33.34067],[131.51038,33.2734],[131.54786,33.25495],[131.61222,33.25294],[131.65454,33.27163],[131.70004,33.2541],[131.71086,33.27018],[131.82217,33.24403],[131.88445,33.26831],[131.90263,33.26604],[131.87156,33.21542],[131.87224,33.20034],[131.83098,33.16971],[131.80957,33.12765],[131.84262,33.11327],[131.86883,33.12877],[131.91146,33.12482],[131.86894,33.09434],[131.86322,33.08253],[131.88051,33.07504],[131.89086,33.07951],[131.92922,33.06827],[131.93447,33.09202],[131.94238,33.09256],[131.95802,33.06721],[131.97609,33.06025],[131.99147,33.069],[131.99611,33.09171],[132.01344,33.06387],[132.00945,33.05117],[131.98401,33.04554],[131.92955,33.04709],[131.90677,33.01185],[131.90317,32.98306],[131.93471,32.95951],[131.9497,32.95928],[131.95924,32.94453],[131.97918,32.95038],[131.99822,32.93891],[132.01027,32.94416],[132.01388,32.93439],[132.03479,32.95129],[132.08119,32.94323],[132.08412,32.93323],[132.06445,32.93621],[132.02548,32.9236],[131.98219,32.8889],[132.00017,32.87128],[131.95558,32.82754],[131.99781,32.82966],[132.00343,32.82412],[131.99659,32.81053],[131.96241,32.79267],[131.94809,32.7934],[131.92921,32.77827],[131.8825,32.78343],[131.87306,32.76236],[131.87232,32.73163],[131.83922,32.7341],[131.81917,32.79836],[131.80925,32.80898],[131.74687,32.82304],[131.72688,32.81368],[131.69566,32.76583],[131.59035,32.75978],[131.52689,32.74299],[131.50188,32.75916],[131.50312,32.79275],[131.47831,32.815],[131.45004,32.8165],[131.40162,32.80216],[131.35661,32.80464],[131.26215,32.86629],[131.24618,32.89386],[131.23466,32.9752],[131.20908,33.03021],[131.12495,33.14245],[131.05942,33.18061],[131.02893,33.17702],[130.97292,33.1542],[130.97974,33.11994],[131.00966,33.07953],[130.9909,33.0331],[130.95121,33.03227],[130.83473,33.08093],[130.85602,33.14299],[130.82626,33.23299],[130.843,33.2944],[130.83711,33.33975],[130.88584,33.4254],[130.93798,33.47734],[130.98067,33.49579],[131.06428,33.49811],[131.12448,33.49015],[131.14949,33.49566],[131.18112,33.53594],[131.17518,33.58333],[131.20089,33.61271]]]}},{"type":"Feature","properties":{"pref":45,"code":"45","name":"宮崎県"},"geometry":{"type":"Polygon","coordinates":[[[131.87232,32.73163],[131.85939,32.71768],[131.85593,32.68608],[131.84791,32.68183],[131.82194,32.70269],[131.81656,32.68915],[131.77076,32.64875],[131.76686,32.6208],[131.74903,32.59406],[131.7295,32.58405],[131.70879,32.5859],[131.68214,32.53506],[131.69565,32.51146],[131.71892,32.50873],[131.7365,32.49168],[131.7173,32.47297],[131.69549,32.46825],[131.65979,32.47682],[131.65663,32.45736],[131.68913,32.42174],[131.63347,32.39549],[131.61948,32.3371],[131.59254,32.30366],[131.58041,32.25397],[131.56242,32.21792],[131.53053,32.10739],[131.44728,31.8769],[131.4559,31.82197],[131.46804,31.8049],[131.49635,31.79597],[131.47527,31.76215],[131.45053,31.65111],[131.45533,31.62092],[131.41147,31.58613],[131.3908,31.54881],[131.38527,31.52692],[131.39373,31.49103],[131.37623,31.47443],[131.36378,31.41966],[131.33131,31.36766],[131.31821,31.37515],[131.32504,31.38813],[131.26588,31.38117],[131.24985,31.38813],[131.24301,31.42227],[131.21266,31.45474],[131.17863,31.45243],[131.15065,31.47134],[131.18665,31.525],[131.19182,31.57466],[131.18624,31.58683],[131.15601,31.61275],[131.10696,31.61789],[131.04723,31.63727],[131.01663,31.67592],[131.00237,31.72352],[130.96547,31.76067],[130.8891,31.79023],[130.87638,31.82444],[130.88119,31.87023],[130.87344,31.88756],[130.8028,31.93505],[130.70012,32.06703],[130.71236,32.09091],[130.82347,32.09215],[130.89685,32.12243],[130.9369,32.11497],[131.00563,32.16579],[131.05296,32.15323],[131.07591,32.15563],[131.07844,32.18364],[131.05498,32.22258],[131.05033,32.2462],[131.08092,32.28741],[131.08784,32.31366],[131.0542,32.38079],[131.01307,32.42229],[131.00005,32.46011],[131.00413,32.48742],[131.03513,32.55287],[131.04661,32.5645],[131.09503,32.57579],[131.11286,32.63111],[131.21042,32.7347],[131.24225,32.79327],[131.25807,32.80381],[131.3239,32.82229],[131.35661,32.80464],[131.3824,32.80193],[131.42147,32.80479],[131.45004,32.8165],[131.47831,32.815],[131.50312,32.79275],[131.49986,32.76702],[131.50777,32.75165],[131.5397,32.74304],[131.59035,32.75978],[131.69566,32.76583],[131.72688,32.81368],[131.76119,32.82218],[131.80925,32.80898],[131.81917,32.79836],[131.83922,32.7341],[131.87232,32.73163]]]}},{"type":"Feature","properties":{"pref":46,"code":"46","name":"鹿児島県"},"geometry":{"type":"MultiPolygon","coordinates":[[[[129.78321,31.79963],[129.79957,31.74543],[129.77613,31.72948],[129.72934,31.64423],[129.69598,31.62145],[129.65937,31.64194],[129.65538,31.65979],[129.6763,31.66697],[129.6906,31.7002],[129.71665,31.73037],[129.75359,31.7438],[129.76775,31.75935],[129.78321,31.79963]]],[[[131.15065,31.47134],[131.10939,31.46455],[131.0569,31.43964],[131.02808,31.40179],[131.01361,31.36307],[131.10402,31.32884],[131.10438,31.30945],[131.08299,31.29706],[131.07422,31.2821],[131.09259,31.27605],[131.12475,31.28835],[131.13211,31.27951],[131.06025,31.22532],[131.00816,31.22108],[131.0066,31.19977],[130.97999,31.15599],[130.94068,31.12132],[130.79236,31.07785],[130.76759,31.05646],[130.72543,31.04704],[130.67794,31.00501],[130.65772,31.00319],[130.66334,31.06951],[130.74269,31.12128],[130.76478,31.18651],[130.75394,31.20388],[130.78037,31.24252],[130.78967,31.27515],[130.79525,31.34443],[130.74732,31.43549],[130.70342,31.45931],[130.69252,31.48557],[130.70533,31.52875],[130.69557,31.5458],[130.63689,31.55524],[130.59832,31.57343],[130.59089,31.58599],[130.61389,31.61207],[130.63788,31.6226],[130.68784,31.61945],[130.71168,31.61441],[130.72234,31.59732],[130.72267,31.56342],[130.74903,31.55972],[130.77638,31.5799],[130.799,31.61172],[130.81031,31.65095],[130.80453,31.68724],[130.77638,31.71027],[130.73797,31.70844],[130.68605,31.72553],[130.64479,31.71475],[130.61305,31.68236],[130.60222,31.63825],[130.56764,31.60074],[130.55844,31.56631],[130.52915,31.51325],[130.51612,31.45332],[130.5735,31.3146],[130.60288,31.30199],[130.62368,31.27565],[130.66033,31.27143],[130.63982,31.18647],[130.60369,31.17235],[130.58644,31.15542],[130.57358,31.16743],[130.53679,31.16218],[130.51686,31.17544],[130.5066,31.2128],[130.4948,31.22724],[130.45114,31.24939],[130.29737,31.25373],[130.22221,31.2463],[130.19295,31.31516],[130.17938,31.32778],[130.2066,31.32482],[130.20777,31.33662],[130.17026,31.37702],[130.11899,31.40864],[130.16236,31.42194],[130.19597,31.41206],[130.22828,31.38129],[130.24488,31.40485],[130.29327,31.4447],[130.31707,31.49307],[130.33448,31.56241],[130.32447,31.58674],[130.33766,31.6079],[130.32545,31.64208],[130.25929,31.72085],[130.18409,31.75869],[130.17143,31.79014],[130.181,31.82697],[130.19032,31.83509],[130.23512,31.81953],[130.197,31.85849],[130.21473,31.88562],[130.22044,31.9296],[130.20513,31.97167],[130.17411,31.99876],[130.17299,32.01745],[130.20405,32.04829],[130.20405,32.07258],[130.17986,32.09345],[130.2068,32.12067],[130.2483,32.13373],[130.27866,32.10053],[130.29851,32.10586],[130.33188,32.12861],[130.34464,32.16179],[130.39331,32.11838],[130.42437,32.11342],[130.5255,32.13985],[130.57439,32.16067],[130.61087,32.15703],[130.71236,32.09091],[130.70012,32.06703],[130.78388,31.95485],[130.87344,31.88756],[130.88119,31.87023],[130.87638,31.82444],[130.8891,31.79023],[130.96547,31.76067],[131.00237,31.72352],[131.01663,31.67592],[131.04723,31.63727],[131.10696,31.61789],[131.15601,31.61275],[131.18624,31.58683],[131.19182,31.57466],[131.18665,31.525],[131.15065,31.47134]]],[[[129.71485,29.65453],[129.74594,29.66104],[129.75375,29.64541],[129.74383,29.6223],[129.72104,29.60615],[129.7129,29.6293],[129.71485,29.65453]]],[[[129.89357,29.87474],[129.89742,29.84692],[129.92726,29.82587],[129.92042,29.81965],[129.8634,29.82461],[129.84019,29.84973],[129.83277,29.87308],[129.85098,29.88673],[129.89357,29.87474]]],[[[130.67457,30.37458],[130.66944,30.33967],[130.64715,30.29051],[130.60375,30.25247],[130.57728,30.23591],[130.48598,30.22578],[130.43771,30.23897],[130.38626,30.33961],[130.37625,30.39444],[130.42336,30.39897],[130.46712,30.45723],[130.48835,30.45703],[130.49895,30.46796],[130.52369,30.44965],[130.56783,30.43594],[130.59959,30.41246],[130.63868,30.40266],[130.67457,30.37458]]],[[[131.05201,30.84024],[131.06154,30.84059],[131.0736,30.79958],[131.08793,30.78261],[131.07121,30.7693],[131.07894,30.69908],[131.05376,30.66187],[131.05762,30.61127],[131.03785,30.58917],[131.03556,30.55721],[131.0034,30.55117],[130.98264,30.51931],[130.96475,30.45632],[130.97803,30.4376],[130.96964,30.41544],[130.9778,30.40028],[130.96328,30.38614],[130.96218,30.37281],[130.90652,30.36602],[130.88582,30.34385],[130.87038,30.3439],[130.85712,30.36619],[130.86551,30.39729],[130.8515,30.47014],[130.87,30.46386],[130.87628,30.48071],[130.93022,30.54086],[130.95094,30.59504],[130.9393,30.67225],[130.96634,30.70144],[130.98524,30.74135],[130.9997,30.74569],[131.00814,30.76787],[131.00626,30.78925],[131.05201,30.84024]]],[[[130.22006,30.47158],[130.26214,30.44703],[130.26216,30.43502],[130.24063,30.43494],[130.23185,30.42354],[130.21247,30.42069],[130.19308,30.43956],[130.19038,30.4613],[130.17312,30.45442],[130.14177,30.4893],[130.16505,30.48989],[130.19102,30.47617],[130.20231,30.4819],[130.22006,30.47158]]],[[[129.9437,29.96528],[129.94801,29.95856],[129.94093,29.95319],[129.91333,29.9609],[129.90065,29.97256],[129.91236,29.99189],[129.90903,29.99934],[129.92199,30.00473],[129.9437,29.96528]]],[[[129.9463,30.84471],[129.95981,30.82868],[129.93946,30.81342],[129.91196,30.81977],[129.90398,30.83442],[129.93214,30.85175],[129.9463,30.84471]]],[[[129.93336,31.86783],[129.92921,31.82673],[129.8899,31.81074],[129.85906,31.82368],[129.84742,31.84341],[129.85043,31.85741],[129.8318,31.84374],[129.82057,31.84553],[129.82309,31.86302],[129.84498,31.8806],[129.90992,31.84569],[129.91342,31.86774],[129.93336,31.86783]]]]}},{"type":"Feature","properties":{"pref":47,"code":"47","name":"沖縄県"},"geometry":{"type":"MultiPolygon","coordinates":[[[[123.81471,24.39175],[123.87208,24.39012],[123.93442,24.3675],[123.93605,24.34146],[123.87306,24.25825],[123.68344,24.28531],[123.66822,24.29662],[123.68377,24.32347],[123.69801,24.31599],[123.70704,24.32868],[123.72926,24.31574],[123.74236,24.31973],[123.76987,24.41836],[123.78492,24.41608],[123.81471,24.39175]]],[[[123.00262,24.47431],[123.01637,24.46979],[123.01824,24.4593],[122.99838,24.43952],[122.93865,24.44424],[122.94459,24.46625],[122.95558,24.47313],[123.00262,24.47431]]],[[[124.32911,24.58356],[124.32692,24.56118],[124.27394,24.48794],[124.24187,24.36372],[124.21193,24.3371],[124.17701,24.33299],[124.14031,24.34199],[124.12224,24.36058],[124.14308,24.38491],[124.12273,24.41429],[124.08863,24.42194],[124.07838,24.43549],[124.09523,24.43952],[124.11622,24.46748],[124.12916,24.46939],[124.13445,24.45677],[124.15651,24.44164],[124.21193,24.44697],[124.24025,24.49486],[124.2684,24.51044],[124.31446,24.58731],[124.32911,24.58356]]],[[[125.38722,24.78217],[125.42628,24.76887],[125.45265,24.74494],[125.44402,24.73721],[125.3838,24.72696],[125.29965,24.72565],[125.2588,24.73339],[125.27475,24.85643],[125.26027,24.8852],[125.29444,24.86957],[125.32163,24.81688],[125.35825,24.78262],[125.38722,24.78217]]],[[[131.25514,25.87499],[131.27711,25.85839],[131.25245,25.81904],[131.21209,25.82905],[131.21274,25.84146],[131.2361,25.87206],[131.25514,25.87499]]],[[[126.81007,26.35187],[126.80738,26.33259],[126.78891,26.30345],[126.77003,26.3142],[126.75994,26.33442],[126.70362,26.35529],[126.69777,26.36905],[126.72364,26.38597],[126.76987,26.38801],[126.80144,26.36766],[126.81007,26.35187]]],[[[128.33766,26.79694],[128.32985,26.78034],[128.33766,26.76431],[128.30974,26.72118],[128.30812,26.70087],[128.29664,26.70132],[128.24334,26.63329],[128.15887,26.6188],[128.13209,26.58124],[128.14576,26.57343],[128.13836,26.55402],[128.09034,26.54267],[128.05592,26.55048],[127.98414,26.47846],[127.95094,26.4667],[127.94728,26.45116],[127.85174,26.44123],[127.83888,26.42524],[127.86476,26.40648],[127.87827,26.35187],[127.91993,26.30964],[127.90187,26.305],[127.84083,26.32392],[127.8283,26.31623],[127.77101,26.2165],[127.7684,26.19766],[127.7754,26.18513],[127.82358,26.18675],[127.79689,26.13972],[127.77573,26.12177],[127.75489,26.12531],[127.72535,26.08959],[127.6517,26.08438],[127.65707,26.12177],[127.63592,26.19135],[127.63819,26.21475],[127.65846,26.21235],[127.67775,26.23062],[127.70021,26.27611],[127.71827,26.27408],[127.73129,26.28937],[127.74187,26.32054],[127.72438,26.38544],[127.7225,26.42992],[127.73129,26.43989],[127.80519,26.44758],[127.83058,26.48843],[127.93751,26.53213],[127.96022,26.56411],[127.9559,26.59479],[127.8943,26.60928],[127.88559,26.62019],[127.87827,26.69453],[127.98732,26.69294],[128.00123,26.68024],[127.98854,26.65298],[127.99562,26.63923],[128.0149,26.63483],[128.05738,26.64476],[128.1111,26.67402],[128.10328,26.69123],[128.11134,26.70344],[128.15235,26.73151],[128.16196,26.75715],[128.17612,26.76252],[128.188,26.7805],[128.22592,26.80097],[128.25441,26.86441],[128.25506,26.8863],[128.33139,26.81342],[128.33766,26.79694]]],[[[128.70069,27.45482],[128.70688,27.44864],[128.6976,27.43574],[128.65577,27.41014],[128.63071,27.37568],[128.61818,27.37971],[128.61313,27.36433],[128.55991,27.35074],[128.54542,27.35375],[128.52687,27.37189],[128.52613,27.39716],[128.53842,27.41763],[128.61883,27.4156],[128.70069,27.45482]]],[[[128.98878,27.8111],[129.02467,27.78608],[129.02963,27.77326],[129.02426,27.75658],[128.97633,27.6955],[128.94703,27.68138],[128.92945,27.68671],[128.91635,27.72236],[128.89454,27.72822],[128.89088,27.74189],[128.89926,27.76952],[128.87892,27.82477],[128.89454,27.8913],[128.94703,27.91413],[128.96551,27.89436],[128.98878,27.8111]]],[[[129.29664,28.11957],[129.32553,28.12348],[129.34734,28.10692],[129.35043,28.08649],[129.32399,28.0786],[129.30079,28.10053],[129.27915,28.07709],[129.26303,28.09911],[129.22145,28.09911],[129.21412,28.14008],[129.18084,28.19025],[129.22771,28.19526],[129.22153,28.17601],[129.2326,28.17072],[129.2693,28.17487],[129.2518,28.14379],[129.29664,28.11957]]],[[[130.03028,28.37348],[130.02149,28.33129],[129.99545,28.29092],[129.95655,28.28482],[129.91359,28.29711],[130.03028,28.37348]]],[[[129.70753,28.46214],[129.72169,28.44404],[129.71599,28.42915],[129.69386,28.4287],[129.61931,28.40078],[129.61118,28.38312],[129.58155,28.37067],[129.55397,28.32844],[129.49887,28.2875],[129.48732,28.28254],[129.44744,28.29092],[129.45485,28.27725],[129.44777,28.2663],[129.42018,28.24995],[129.46795,28.21577],[129.40651,28.18448],[129.40154,28.16332],[129.3711,28.16722],[129.35182,28.16055],[129.37452,28.14004],[129.37599,28.11957],[129.28663,28.17792],[129.28077,28.21857],[129.2693,28.22944],[129.25636,28.21467],[129.24244,28.2143],[129.14576,28.24995],[129.16285,28.26264],[129.18051,28.25617],[129.20883,28.26423],[129.27084,28.25536],[129.29038,28.28408],[129.25367,28.28457],[129.22771,28.30459],[129.26393,28.32884],[129.29567,28.33637],[129.33131,28.36603],[129.38063,28.36677],[129.39959,28.37173],[129.41334,28.3933],[129.4323,28.38691],[129.45094,28.39204],[129.47535,28.42129],[129.51637,28.3933],[129.53346,28.43049],[129.62623,28.48273],[129.61647,28.43854],[129.64405,28.43977],[129.67335,28.48273],[129.66725,28.503],[129.67311,28.50983],[129.68776,28.50898],[129.69801,28.49486],[129.70753,28.46214]]],[[[127.80983,26.73542],[127.81121,26.70698],[127.78566,26.70258],[127.75856,26.71288],[127.75465,26.72858],[127.80983,26.73542]]],[[[127.99537,27.09174],[128.00099,27.09174],[127.99318,27.06672],[127.97576,27.03974],[127.95216,27.0183],[127.92579,27.00975],[127.99537,27.09174]]],[[[128.45436,27.04751],[128.44858,27.0207],[128.43141,27.02167],[128.39625,27.04076],[128.39625,27.04902],[128.42897,27.06647],[128.44435,27.06257],[128.45436,27.04751]]],[[[125.20289,24.84626],[125.21705,24.8166],[125.20525,24.805],[125.16814,24.80097],[125.15065,24.80435],[125.14015,24.81639],[125.14112,24.8286],[125.15756,24.83381],[125.16359,24.85464],[125.20289,24.84626]]],[[[127.36964,26.21459],[127.35353,26.154],[127.34278,26.17023],[127.3462,26.20637],[127.35418,26.21894],[127.36411,26.22134],[127.36964,26.21459]]]]}}]}
